name,employeeId,password,email,organizationDomainId,roleId,joiningDate,designationId,departmentId
Karla Shepherd,EMP0001,&JGG4Ywb,ycarter@hotmail.com,1,2,2022-02-23,2,2
Gregory Alvarez,EMP0002,&78AA7Sl,jonathannguyen@brady.com,2,1,2024-04-09,2,2
Gabriel Singh,EMP0003,NAn@2QSq,jmorgan@frederick-lewis.com,1,1,2024-04-27,1,2
Terry Boyer,EMP0004,)2UAThHK,zkelly@gmail.com,1,1,2020-07-24,2,1
Michael Richards,EMP0005,%$0)+Tp+,anthonyedwards@lopez.org,2,2,2023-05-14,2,1
Christopher Austin,EMP0006,*a6Uo%Rf,vickie73@lawson.com,1,1,2020-05-26,2,1
Johnny Perez,EMP0007,MLr!g9Fn,johnsonbarbara@yahoo.com,1,1,2020-07-26,2,1
Paul Gonzalez,EMP0008,E&E1S_w!,timothyhayes@yahoo.com,1,1,2021-09-22,1,2
Jennifer Massey,EMP0009,W&4tX#+k,myersdenise@allen-matthews.info,1,2,2021-12-04,2,1
Cynthia Cooper,EMP0010,Kw@5f7Eg,zmorgan@yahoo.com,2,1,2023-01-06,2,2
Alexander Finley,EMP0011,Km*0RCXx,jonesjeffrey@gmail.com,1,2,2019-12-25,2,1
Derek Walsh,EMP0012,^7Jmww5H,kathyrice@yahoo.com,2,1,2021-12-05,2,1
William Zimmerman,EMP0013,_7FOieK7,joyce73@bowman-gregory.info,2,1,2023-12-18,1,2
Christina Hernandez,EMP0014,_*9wAy40,brownjessica@hotmail.com,1,2,2020-06-29,1,2
Sheila Tate,EMP0015,)86MoCP6,stevenkirk@oconnor.com,2,2,2020-02-12,1,1
Daniel Phillips,EMP0016,@9YqLTRb,odonnellamy@murphy-oneill.org,1,1,2024-03-19,1,2
Lisa Smith,EMP0017,^#D38Udr,harold54@erickson-gilbert.biz,1,2,2020-01-22,1,1
Richard Anderson,EMP0018,R^7&GkDJ,davidwolf@hotmail.com,2,1,2021-02-28,2,2
Allen Price,EMP0019,$2PWagSY,valerie63@gonzalez.com,2,1,2023-07-19,2,1
Laura Smith,EMP0020,e@7$pAJv,andersonjoseph@suarez.com,2,1,2022-06-19,2,1
Joann Robinson,EMP0021,C$5MJoKk,samanthahuang@gmail.com,2,2,2020-03-22,2,1
Diane Manning,EMP0022,(72^Zh0g,wilsonmatthew@smith-chen.com,2,2,2021-05-15,1,2
Matthew King,EMP0023,m@+Y5Ikd,robin22@dean.com,1,1,2020-09-19,1,1
Carol Smith,EMP0024,(h2EX3Yp,mkrause@duarte.com,1,1,2020-01-20,2,1
Christopher Smith,EMP0025,_&5Sui)j,scarlson@hotmail.com,1,2,2021-12-27,1,1
Emily Serrano,EMP0026,+I(0De)Q,millercathy@jones-carter.info,1,1,2020-07-07,1,1
Michelle Dixon,EMP0027,0)B62gXs,zgilbert@yahoo.com,1,2,2023-10-28,2,2
Bob Nichols,EMP0028,%0RHKsy$,brandonmoore@gmail.com,2,2,2021-04-14,1,2
Maria Jenkins,EMP0029,&9sAflqn,gabrielmcclure@garcia.info,2,1,2023-09-24,1,1
Jessica Smith,EMP0030,@8FcDZ7c,brandonwebster@brown.org,1,1,2023-07-13,1,2
Jordan Richardson,EMP0031,*97PDirB,igregory@gmail.com,1,1,2021-09-25,2,2
John Blackwell,EMP0032,$7R5JdD!,campbellterri@pearson-matthews.org,2,2,2021-07-27,2,2
Kimberly Singh,EMP0033,e+j4Va&B,fholt@vega.com,2,2,2020-04-15,1,2
Gregory Fisher,EMP0034,l+F3SK5k,matthew59@yahoo.com,1,2,2022-01-03,1,1
Sandra Howe,EMP0035,@LmH4XnA,fergusoncody@sanchez.com,1,2,2023-04-19,2,1
James Hester MD,EMP0036,(0TufNzn,vbyrd@yahoo.com,2,2,2021-09-18,2,2
Alicia Thomas,EMP0037,$5RWkL%u,tiffanyramirez@mendoza-harrell.com,1,2,2023-07-02,1,1
Matthew Mueller,EMP0038,X$lT8Efv,kimberlymason@yahoo.com,1,2,2020-10-28,2,2
James Fisher,EMP0039,ea(6Zh9y,dturner@richards.net,1,2,2019-10-30,1,1
Donald Franklin,EMP0040,!&04Aa_k,jordanjames@martinez-washington.com,2,1,2023-08-20,1,1
Robert Brooks,EMP0041,)4cGRqyH,yholmes@gordon.net,2,1,2020-07-10,1,1
Kathy Lozano,EMP0042,)0Ct8X(A,campbelldaniel@gmail.com,2,1,2022-06-16,1,2
John Webster,EMP0043,IF@3NfCP,parktimothy@hotmail.com,1,1,2021-08-03,2,2
Maria Hancock,EMP0044,^5@hLa%o,phampatricia@yahoo.com,1,2,2023-02-28,1,1
Susan Jones,EMP0045,_#9Ge3#_,stephanielynch@miller.com,1,1,2024-08-19,1,2
Ronald Brooks,EMP0046,ydy)%9Ev,delacruzcourtney@richard.com,2,2,2021-10-01,2,1
Joshua Smith,EMP0047,3N#K4Vgh,shelby69@pham.com,2,2,2020-10-31,1,2
Brandon Mahoney,EMP0048,@5$GQCkp,ykennedy@yahoo.com,2,1,2022-11-16,1,1
Shelly Marks,EMP0049,@2_Tdesn,ellisonlisa@hotmail.com,2,1,2023-09-29,1,1
Luis Mcdonald,EMP0050,1_4pKUfm,cervantesjustin@sandoval.com,1,2,2022-04-06,2,1
Dana Saunders,EMP0051,u%6JZWjf,cgoodman@gmail.com,2,2,2023-05-03,1,1
Sergio Brady,EMP0052,rJst+9Wv,larry23@hotmail.com,1,2,2020-09-30,1,1
Christian Williams,EMP0053,I_0AI8hN,kriley@hotmail.com,2,2,2020-02-07,2,1
Michael Bowers,EMP0054,Z&1uU_*g,daymichael@yahoo.com,1,1,2019-10-30,2,2
Yvonne James,EMP0055,#4MClVXj,sean09@stephens-thompson.com,1,2,2019-11-23,2,1
Holly Watson,EMP0056,^d!7J_x),emily62@cross-schultz.com,1,1,2021-10-06,2,2
Amy Simpson,EMP0057,J(9ACrm$,ywells@hotmail.com,1,2,2023-01-25,2,2
Jessica Davies,EMP0058,_14dNRom,laura51@hotmail.com,2,1,2023-03-31,2,1
Steven Campbell,EMP0059,#j9bqKSm,laurenarroyo@brown.com,1,2,2022-08-12,1,2
Kenneth Phelps,EMP0060,hT%f5+Ee,janicewilliams@hamilton.com,2,1,2023-06-03,1,1
Alicia Hunt,EMP0061,gI^2VjvY,thomas26@rojas.com,2,1,2020-04-03,2,2
Erika Carey,EMP0062,Q_o9X^yh,nathanhopkins@yahoo.com,1,1,2021-04-10,2,1
Kathryn Beltran,EMP0063,K$3FZ9ll,morgan63@perez.com,1,1,2021-10-09,1,2
Megan Barton,EMP0064,E%J#6cBj,james19@yahoo.com,2,1,2024-03-29,2,2
Michael Landry,EMP0065,X%2J6PFv,peterlee@rivers.com,2,2,2021-10-14,1,1
David Day,EMP0066,v&4XYYZm,hmarsh@torres.info,1,1,2022-05-21,2,1
Catherine Richardson,EMP0067,)*!c*7Ke,matthewriley@mcbride.com,1,2,2020-10-09,1,1
Brandon Cantu,EMP0068,Uy1*6Qa8,michellecooper@gmail.com,1,1,2023-11-13,2,1
Emily Young,EMP0069,%0BHh^l6,valerie72@gmail.com,2,1,2021-12-29,2,1
James Chapman,EMP0070,&4U!Hhvq,owells@hotmail.com,1,1,2023-03-13,1,2
Christopher Turner,EMP0071,(4hGQKrw,lsmith@yahoo.com,1,2,2022-05-15,1,1
Jacob Long,EMP0072,$85MaEzW,shannonyoder@brown.net,1,1,2024-07-08,1,2
Paul Castro,EMP0073,(8cBfrre,laurenmiller@fitzgerald-rios.org,1,2,2022-06-04,1,1
Melissa Smith,EMP0074,+@le7Px^,elizabeth27@lopez.com,2,2,2022-04-11,2,1
Brandon Stewart,EMP0075,(p4uYrRj,mitchelljohn@suarez-navarro.com,2,1,2021-05-18,1,2
Keith Williams,EMP0076,*f90MXgd,hernandezangela@hotmail.com,1,2,2020-02-18,1,2
Debbie Reed,EMP0077,Up)N8GLy,gregory29@evans-miller.info,1,2,2022-06-21,2,2
Charles Hughes,EMP0078,*6NA3Fax,ewhite@hensley-gilmore.com,1,2,2023-01-06,2,1
Cory Brooks,EMP0079,e+8+I_m2,barbaraflynn@gmail.com,1,1,2023-06-19,1,1
Mary Terry,EMP0080,!j3ReH0F,mooreheather@hotmail.com,1,2,2021-05-27,2,1
Jessica Murray,EMP0081,Y##U(7Ct,taramartin@jackson.com,1,1,2023-10-31,2,1
Sheena Davidson,EMP0082,$25t^Fox,derrickadams@yahoo.com,1,1,2021-01-09,2,2
Troy Lewis,EMP0083,&3J*6CEt,kelleyellen@taylor.com,2,1,2021-08-07,2,1
Anthony Gomez,EMP0084,L)jM9NPg,zwillis@jones.com,1,2,2023-01-10,1,1
Christina Williams,EMP0085,V!A%0K@l,wilsontroy@yahoo.com,1,2,2023-06-30,1,1
Deborah Diaz,EMP0086,!u38lSKt,stephanie06@harvey-escobar.org,2,1,2021-01-08,1,1
Mrs. Sharon Bradshaw,EMP0087,!P4KpJ$d,jessica79@hotmail.com,2,1,2021-06-13,2,1
Robert Ward,EMP0088,Y!84MMjn,nathanielbaldwin@hotmail.com,1,1,2022-02-10,1,1
Rodney Horton,EMP0089,&q76SCkS,melanieturner@butler.com,2,2,2022-10-31,2,1
Juan Reid,EMP0090,p@9xWUUm,qday@gmail.com,2,2,2020-06-25,1,2
Craig Friedman,EMP0091,&9nH0vql,darrell39@yahoo.com,2,2,2020-08-14,2,1
Jeffrey Pena,EMP0092,&4FnwEGU,dchung@brown.info,1,2,2023-04-22,1,1
Hannah Vasquez,EMP0093,$#r6nAGj,orodriguez@cobb.com,2,2,2021-07-14,2,1
James Edwards,EMP0094,0(23FAn3,xmaddox@gomez-robinson.info,2,2,2022-02-15,1,1
Jennifer Wilson,EMP0095,+o6QAoqy,wbennett@stewart.com,2,1,2020-07-25,1,2
Kaitlyn Snyder,EMP0096,&5TGqbv%,morrismaria@cooper.com,1,1,2022-11-26,1,1
Amy Wright,EMP0097,^1R@zYy+,brookechoi@hotmail.com,2,2,2024-06-24,2,2
Mark Harris,EMP0098,_^k7NeUR,johnsonevelyn@gmail.com,2,2,2021-11-16,2,1
Darlene Cruz,EMP0099,)6SlTxCc,rwood@baker.com,2,2,2021-06-12,1,1
Rachael Williams,EMP0100,R6!8DKoS,donald84@gmail.com,1,2,2022-08-18,2,1
Robert Cowan,EMP0101,_2fYwx+H,stephenwilliams@baker-schmidt.com,1,1,2020-05-05,1,1
Cindy Hogan,EMP0102,!A8BggY7,alejandra22@hotmail.com,1,1,2021-09-16,2,1
Kevin Fletcher,EMP0103,&ER7Q7Pp,eevans@yahoo.com,1,1,2019-11-26,1,1
Miss Tamara Walker,EMP0104,y&6nZEfx,schultzcaitlin@hotmail.com,2,2,2020-06-20,2,2
Robert Diaz,EMP0105,*9YOrLxf,jennybender@yahoo.com,1,2,2021-01-27,1,2
Deborah Anderson,EMP0106,$45fDFuZ,tonysmith@yahoo.com,1,1,2023-06-20,2,2
Erin Horton,EMP0107,he$4xOYo,rogersmith@smith.info,1,2,2024-01-29,2,2
Keith Burton,EMP0108,_Apd9WVo,carolyn16@gmail.com,2,1,2022-03-25,2,2
Nicole Cook,EMP0109,M)U6ZbYd,murraytina@doyle.com,1,2,2022-01-15,1,2
Jeffery Calderon,EMP0110,@%^1QjN@,aliciaellis@gmail.com,1,1,2019-12-09,1,1
Kristy Wilkins,EMP0111,iG$1BAqs,donaldpollard@henderson.com,1,1,2022-01-11,2,1
John Kline,EMP0112,_3iDa5Mm,andrewsilva@clay.com,1,2,2024-07-11,2,1
Janice Weber PhD,EMP0113,*f49AZmf,watsonpaul@reynolds.com,1,2,2024-03-01,2,1
Kelly Garcia,EMP0114,y^1@3QGq,dakotahensley@yahoo.com,1,1,2024-04-24,1,1
John Gomez,EMP0115,*P4o8iSk,matthewpoole@nicholson-wilson.info,1,1,2021-01-10,2,1
Mrs. Kathy Taylor,EMP0116,*^4WG9sy,rebecca25@hart.net,2,1,2020-02-27,2,1
Marie Morgan,EMP0117,&$H1Iz_&,rlara@miller.com,2,1,2020-10-28,1,2
Andrea Foster,EMP0118,k#j2QpBX,johnsontracey@jones.info,2,1,2020-06-26,1,1
Matthew Frost,EMP0119,P*71QI)g,sanchezraven@miller.com,2,1,2020-12-23,2,2
Thomas Singh,EMP0120,v@1Lviyv,ykennedy@owens.com,2,2,2020-07-07,2,1
Veronica Baker,EMP0121,+2T7*IyM,mcclureamy@ferguson-harris.net,2,1,2022-05-23,1,1
Leslie Graham,EMP0122,_k%7C$nq,pglass@rios.com,2,1,2021-05-18,2,1
Deborah Watts,EMP0123,W$0DwwJi,tsanders@williams.org,2,2,2020-09-25,1,2
Kenneth Morrison,EMP0124,ne+7Ck(!,brandonnavarro@hotmail.com,2,2,2022-07-05,2,2
Dennis Bright,EMP0125,i@2^ouEh,alicia30@hotmail.com,2,1,2020-05-06,1,2
Elaine Lynn,EMP0126,#2#$0yYc,samantha96@hotmail.com,1,2,2023-06-01,1,2
Dana Banks,EMP0127,*5El9^0z,tyler68@gregory-wagner.com,1,2,2020-12-16,1,2
Douglas Snyder,EMP0128,&8L)9Xcz,kerrjerry@hotmail.com,1,2,2021-09-07,2,1
Heidi Odom,EMP0129,!9lNQnoc,fergusonaustin@gmail.com,2,1,2020-11-12,2,1
Chelsea Decker,EMP0130,n&B#9lLk,davidlove@gmail.com,2,1,2024-07-07,2,2
Cathy Terry,EMP0131,*2DRJ@&e,russell37@taylor.org,1,1,2024-08-05,1,2
Steven Baldwin,EMP0132,cS^s2nPr,codybutler@gmail.com,1,2,2021-04-21,2,2
Ricky Moore,EMP0133,+1CNHmbo,nfoster@hotmail.com,2,2,2023-03-25,2,2
Daniel Cobb,EMP0134,_7IAtEQo,fordcynthia@baldwin-diaz.biz,1,1,2020-01-25,1,1
Brian Wells,EMP0135,7@u44HRm,colesandra@mcgrath.com,1,1,2022-05-31,1,2
Connie Patel,EMP0136,@6nBYtC@,kelly64@mason.com,1,1,2021-04-24,1,2
John Schneider,EMP0137,C_X0kM_h,pnelson@gmail.com,1,2,2024-01-17,2,1
Jennifer Callahan,EMP0138,K)i9*I^h,zfrancis@gmail.com,1,1,2021-10-16,2,1
Steve Curtis,EMP0139,#16UQlRN,nathan44@gmail.com,2,2,2020-06-21,1,2
David Hoffman,EMP0140,+@#5ZTjU,pamela63@gmail.com,2,2,2023-08-16,2,2
Tiffany Barnes,EMP0141,^9Zyd@n2,grayamanda@simon-jones.com,1,2,2019-11-25,2,2
Lindsey Gibson,EMP0142,*u#9SOds,nathan22@yahoo.com,1,2,2022-07-02,1,2
Michael Smith,EMP0143,_Z3C&VTs,carolinemiller@terry.com,1,1,2020-09-12,1,2
Anthony Brown,EMP0144,+bk8DZmr,gilesvicki@baird.info,2,1,2024-08-20,2,1
Cheryl Mason,EMP0145,!Y2CQM)h,prestonwalter@yahoo.com,2,1,2023-03-13,2,1
Cynthia Page,EMP0146,_(P2OIb6,katherinegonzales@smith-garcia.com,1,2,2023-06-23,2,2
Deborah Ellis DDS,EMP0147,!2ITSyBv,pmeyer@graves.biz,1,2,2021-07-02,2,1
Raymond Vaughan,EMP0148,nS%D4Y*w,joycenelson@harper.net,2,1,2023-03-25,2,1
Joshua Duarte,EMP0149,__55EvIv,charlesshepard@brewer.com,1,2,2023-01-02,2,2
Michelle Pearson,EMP0150,m_7XIusM,martinchristopher@yahoo.com,1,2,2024-01-20,2,1
Geoffrey Banks,EMP0151,B%*3Zhci,greenpatrick@casey.com,1,2,2024-02-13,1,1
Elizabeth Baker,EMP0152,i#8YI^ic,johnsoncarol@hudson.com,1,1,2019-12-06,2,1
Heidi Williams,EMP0153,+g5Y4X#o,kennethfrey@hotmail.com,2,1,2022-03-05,1,2
Haley Adams,EMP0154,*0D3fiSe,vallen@yahoo.com,1,1,2022-07-09,2,2
Megan Mclaughlin,EMP0155,^N2CkhyA,gravesbryan@yahoo.com,1,1,2024-08-05,2,2
Suzanne Berger,EMP0156,WER^0PcT,ryanrichardson@hotmail.com,1,2,2021-03-14,2,1
Steven Acevedo,EMP0157,h(T7Fs+e,browndavid@yahoo.com,2,2,2023-03-05,2,2
Robert Chang,EMP0158,%0tL50Rl,dale60@yahoo.com,1,1,2024-05-05,1,2
Brent Walters,EMP0159,*R14P^t*,scott71@yahoo.com,2,1,2023-11-10,1,1
Julia Schwartz,EMP0160,a+d0ErJ4,qherrera@gmail.com,2,1,2022-03-04,2,2
Frederick Ayers,EMP0161,D*7MCtRn,jesushopkins@yahoo.com,1,2,2020-06-12,2,2
Wendy Spears,EMP0162,&pA7UW@m,maria14@thomas.biz,1,1,2022-01-03,2,2
Tina Hull,EMP0163,(+F0Sw)w,cmyers@gmail.com,2,2,2020-10-04,2,2
Eric Ryan,EMP0164,(PA8XSMk,lewislaura@christensen.com,1,1,2022-01-05,2,2
Katrina Ward,EMP0165,(_f5EwyV,emily71@gmail.com,2,2,2024-01-30,2,1
Ruth Scott,EMP0166,v*M38KnZ,lorimills@gmail.com,2,2,2020-05-17,2,1
Timothy Anderson,EMP0167,@s2zXo)W,shelly43@smith.com,1,2,2023-07-22,1,1
Charles Murphy,EMP0168,(Z4aBB@a,robertacox@yahoo.com,1,2,2021-07-07,1,1
Andrew Smith,EMP0169,R$1Wna+9,apeters@cole.com,2,2,2022-10-24,2,1
Maria Bates,EMP0170,(J3ET)Lr,nataliewilson@gmail.com,2,2,2024-02-04,2,2
Juan Walter PhD,EMP0171,@5U((CrI,carterkaitlin@rangel-pena.com,2,1,2023-05-25,2,2
Julie Foley,EMP0172,@(4Fw2Lp,kevin81@howard-davis.net,2,1,2022-05-22,1,1
Martha Hall,EMP0173,_3RFvE5G,ballkristy@hotmail.com,1,1,2023-09-20,1,2
Vicki Miller,EMP0174,c#0TBtFq,whurst@hotmail.com,1,1,2022-12-02,1,2
Mandy Carter,EMP0175,er$0Qz9e,rwalters@blankenship.com,1,2,2024-09-29,1,2
Kimberly Franco,EMP0176,)M3T3L&q,greerjason@gmail.com,1,2,2020-10-07,1,1
Sheila Turner,EMP0177,(aZg2HVo,byoung@yahoo.com,1,2,2022-04-04,2,1
Richard Williams,EMP0178,(4%7YfJB,ryancook@hotmail.com,1,2,2023-12-24,2,1
Michael Butler,EMP0179,(6_%Spgg,ramirezhannah@yahoo.com,2,1,2022-09-18,2,2
Matthew Owens,EMP0180,&I4BVxep,qbradley@fernandez-roberts.com,2,2,2024-04-04,1,1
Karen Miller,EMP0181,*6pMNrbj,matthewcarroll@yahoo.com,2,1,2021-12-30,1,1
Linda Johnson,EMP0182,@P$6+L2a,melissa14@hotmail.com,1,1,2024-05-01,2,2
Emily Morales,EMP0183,^4J*JL*m,halecraig@hotmail.com,2,2,2020-12-23,1,1
Amy Sanders,EMP0184,Zi(93WuS,sherryking@bailey.com,1,2,2020-11-01,1,1
Shannon Nielsen,EMP0185,_a!_23Ty,matthew75@hotmail.com,2,1,2023-08-05,2,1
Olivia Robinson,EMP0186,)3J0ObN!,cardenasangela@gmail.com,1,2,2020-12-05,2,1
Linda Sanders,EMP0187,@13VNVGg,riveraronald@hines-butler.com,1,1,2023-07-14,2,1
Daniel Nguyen,EMP0188,!E69MG!g,ujohnson@wiggins.biz,2,1,2021-06-23,1,2
John Bates,EMP0189,!4mXjcV9,watersadam@mitchell-flores.com,2,1,2021-06-08,1,1
Pamela Fuller,EMP0190,#&L8*aQb,zford@santos.com,2,1,2023-09-29,1,2
Jordan Martinez,EMP0191,$7Po+my2,crivera@morales-reeves.biz,1,2,2022-05-14,2,2
Chad Coleman,EMP0192,X%Pp0Cb+,lambtara@baker.net,1,2,2024-09-06,2,1
Joseph Massey,EMP0193,GS#7#Bnf,ubraun@sloan.com,2,1,2023-06-13,2,1
David Bond,EMP0194,Iv^9tGxp,coreyguerrero@rodriguez.biz,1,1,2024-08-29,1,1
Jamie Hurst DDS,EMP0195,+Dt7OZjn,fernandezjoseph@yahoo.com,1,1,2019-12-29,1,1
Pedro King,EMP0196,+3%SPwdo,davilajustin@hotmail.com,1,2,2019-12-17,2,1
Victoria Compton,EMP0197,$H&I85Yr,dylan99@hotmail.com,2,1,2023-08-28,2,1
William Scott,EMP0198,_0PmxaOh,julialucas@hotmail.com,2,2,2022-08-17,1,2
Shawn Neal,EMP0199,gV!5PHPs,andrew00@hotmail.com,2,2,2022-07-31,1,2
Shannon Garcia,EMP0200,3(o7UDaL,denise04@hotmail.com,1,2,2021-05-18,1,2
Matthew Clarke,EMP0201,s%l8JlI5,adouglas@watkins.com,1,1,2022-02-19,2,1
Bryan Novak,EMP0202,_N99v9Jx,shortalice@delacruz.com,2,1,2021-04-12,1,2
Tara Vazquez,EMP0203,k*@8sCc),markcampbell@larson-bell.biz,1,1,2021-10-26,2,1
Emily Bush,EMP0204,^c4BKdyY,andersonjason@hotmail.com,1,2,2022-09-16,1,2
Steven Henry,EMP0205,+b1!k0Ee,gmiller@olson.info,2,2,2024-10-07,1,2
Shelby Snyder,EMP0206,%058Szzr,huffmanalan@wright-flores.com,2,1,2023-04-14,2,2
Jessica Hays,EMP0207,5i@(1Hnz,blakeemily@garner.com,2,1,2022-11-04,1,1
Joshua Christensen,EMP0208,V+8XTtao,ewalker@hotmail.com,1,1,2023-09-21,2,2
Bonnie Hanson,EMP0209,#t9B9GIo,robertlawson@gmail.com,2,1,2020-07-19,1,2
Jennifer Barnes,EMP0210,*8KL+HGi,lydia29@sanders.com,2,2,2023-08-11,2,2
Elizabeth Gill,EMP0211,#G*3exUd,brent38@gmail.com,2,2,2020-09-21,1,1
Cody Yang,EMP0212,b@W3Luhe,lori80@gibson.com,2,1,2023-03-28,1,1
Rita Diaz,EMP0213,+t9FL4&s,hullrobert@moore-hancock.com,2,1,2019-11-04,2,1
Christopher Walker,EMP0214,!6+Dtr4T,joshua11@mccarthy.net,2,1,2022-05-28,1,2
Eric Stevens,EMP0215,^a40jXmi,kirknatalie@weiss.info,1,1,2021-07-30,1,2
Angelica Williams,EMP0216,+8Z&K^sK,sandra82@gmail.com,2,2,2022-05-12,2,2
Pam Burns,EMP0217,^(6#L#Pd,wwest@newman.biz,1,1,2024-05-01,2,2
Samantha Wood,EMP0218,6Y0(56Rb,brandy14@yahoo.com,2,1,2022-10-15,1,1
Ashlee Dunn,EMP0219,r*C9DBqa,arose@hotmail.com,1,2,2021-11-22,2,1
Jennifer Smith,EMP0220,$3LxWP)r,elizabethmorrison@gmail.com,1,1,2020-06-26,2,1
Cynthia West,EMP0221,i%L8qVPa,csmith@hernandez.info,2,1,2024-02-14,2,1
Anthony Schroeder,EMP0222,J9#6+TSf,amandamoreno@hotmail.com,2,2,2021-12-27,2,2
Elizabeth Shaffer,EMP0223,V#09UCs9,morrisonpatrick@yahoo.com,1,2,2019-11-09,1,2
Heather Williams,EMP0224,r$6gUcgw,parkersteven@swanson.com,2,2,2024-04-07,1,1
Robert Vang,EMP0225,_Ix7_7Hs,ericingram@oliver.com,2,2,2020-04-04,2,2
Mason West,EMP0226,6*9qOiW!,jonesmichael@hotmail.com,1,2,2023-08-04,2,1
Megan Ramirez,EMP0227,#7XA9cDP,danielflores@hall.com,1,1,2022-01-04,1,1
Courtney Reid,EMP0228,&6ItS4Fk,thompsonanthony@gmail.com,1,2,2021-09-29,1,1
Michael Wagner,EMP0229,@g63XSAh,bakererin@fletcher-baker.com,2,2,2020-08-16,1,1
Jessica Mathews,EMP0230,&J37FHMw,nortiz@yahoo.com,2,2,2023-02-22,1,2
Craig Rodriguez,EMP0231,3l#+l7Cw,jessicarogers@rubio-gonzalez.biz,1,1,2024-08-25,2,1
John Frey,EMP0232,*m4IWoAq,hartmark@cox.com,1,1,2020-01-12,1,1
Nathan Kelly,EMP0233,_OH4NonV,stevenclark@yahoo.com,2,2,2022-06-06,2,2
John Brooks,EMP0234,&j0RBN(z,aguilarlynn@yahoo.com,2,1,2023-04-04,1,2
Adam Hess,EMP0235,^95*Py&n,jennifer95@yahoo.com,2,2,2024-02-15,2,2
Sharon Thomas,EMP0236,!V9WP^Rv,xperkins@gmail.com,1,2,2023-11-07,1,2
Mark Lam,EMP0237,^J37El&_,cooleywilliam@hotmail.com,1,2,2023-06-13,1,1
Kimberly Martinez,EMP0238,Fl)68Vpp,shawnwilliams@doyle.com,1,2,2021-04-14,1,1
Zachary Jenkins,EMP0239,H$(8Zs4g,ejohnson@young-callahan.info,1,2,2023-09-07,2,2
Shane Ramirez,EMP0240,+UsvR8Sc,silvakatrina@barnes.com,1,2,2021-01-26,1,2
Stephen Anderson,EMP0241,&RzM90Ap,nicole13@baker.info,1,1,2023-03-19,1,1
Charles May,EMP0242,&#g6EAMn,xwest@may-hess.org,2,2,2020-07-17,1,2
Yvonne Kirk,EMP0243,%Db)x6Ac,millerbeth@holland.com,1,2,2020-02-03,2,1
Ms. Jennifer Holder,EMP0244,*B4)3Pm(,corteztimothy@hotmail.com,1,2,2023-01-22,1,1
George Anderson,EMP0245,(al4EuJq,dawn79@kidd.org,2,1,2023-09-30,1,1
Ms. Virginia Harrison,EMP0246,*uMp9WVj,kylestark@bailey-phillips.com,2,1,2023-03-10,2,2
Lisa Mitchell,EMP0247,_^Ba0I!c,vicki62@davis.org,1,2,2022-03-17,1,2
Elizabeth Mann,EMP0248,TxT(2Pm7,bnelson@stout.com,2,1,2021-02-07,1,2
Sarah Bell,EMP0249,U*3PAyeo,charles13@hotmail.com,2,2,2023-11-23,1,1
Cesar Russell,EMP0250,R$4vRad6,morrissusan@robinson-carney.com,2,2,2023-09-12,2,1
Lauren Johnson,EMP0251,E&8cVIhr,melissa69@ferguson.com,1,2,2024-10-11,2,2
Jose Erickson,EMP0252,)lj#0_Xf,vaughankevin@hotmail.com,2,2,2020-03-23,2,1
Benjamin Gonzalez,EMP0253,u_8OblVi,christophercastro@mclean-reyes.com,2,1,2023-07-01,2,2
Debra Jenkins,EMP0254,6tH#7kAw,joshuaweaver@hotmail.com,1,1,2022-02-24,2,2
Jennifer Davis,EMP0255,#$H3TpA$,thomasporter@white-chase.info,1,1,2019-12-24,2,1
Vincent May,EMP0256,*P4&dW4b,kingkelly@gmail.com,2,2,2021-12-25,2,2
Alicia Morgan,EMP0257,$31HbdMm,glenntiffany@yahoo.com,1,2,2022-11-21,2,1
Philip Gordon,EMP0258,)g5kYOiD,iserrano@yahoo.com,2,2,2022-09-23,1,2
Mark Wilkinson,EMP0259,T)r3VpOv,ryan05@gmail.com,1,2,2020-03-02,1,2
Karen Davis,EMP0260,&8F2_GUr,sanderson@woodard-bryant.com,1,2,2021-05-18,2,1
Susan Nguyen,EMP0261,xK@A9C9g,danielstokes@thomas-craig.com,1,1,2023-03-09,1,1
Tyler Carson,EMP0262,9^46nWn),mbanks@wagner-gibson.com,1,2,2022-04-12,2,2
Monique Simmons,EMP0263,^$*0Qk!!,debra20@yahoo.com,2,1,2022-11-28,1,1
Joseph Moore,EMP0264,%UXX4Qvl,cmckinney@anderson.info,1,1,2024-06-10,2,1
Brittany Mcdaniel,EMP0265,X%UA58Gb,joseph61@gray-lee.com,2,1,2023-07-21,1,1
Kara Frye,EMP0266,!0jJVLHv,michael25@yahoo.com,1,2,2022-08-03,1,1
April Miller,EMP0267,&_3EkpuW,ricardosmith@gmail.com,2,2,2024-07-17,1,2
Robert Schmitt,EMP0268,#f7Lc9i*,normanbrandon@yahoo.com,1,2,2020-12-28,1,1
Tiffany Clayton,EMP0269,Be5!2Wrj,cestrada@martin.info,2,2,2020-11-19,2,2
Mr. Michael Jones,EMP0270,%*J1WSis,currymary@armstrong-richardson.com,2,2,2024-01-03,2,2
Joyce Cannon,EMP0271,&_I1lLTe,thomasgreen@montgomery.com,2,1,2024-09-01,1,2
Megan Perez,EMP0272,J!D9eWtN,halldaniel@lawrence.com,2,2,2022-11-14,2,1
Frank Guzman,EMP0273,(zQ72jBg,sean22@hotmail.com,2,2,2023-11-05,2,2
Michelle Holmes,EMP0274,!3TW(am8,blackwelledgar@hotmail.com,1,1,2022-09-04,2,2
Marcus Sampson,EMP0275,F#Z7GtVo,jmooney@gmail.com,2,1,2023-01-19,1,2
Brian Davis,EMP0276,1(2UtXb+,cfloyd@perez-miller.com,1,2,2024-04-27,2,1
Gabriel Callahan,EMP0277,&+0VOea1,cwhite@gmail.com,1,2,2024-03-01,1,2
Andrew Wilson,EMP0278,PK&4YiaG,bmoses@hotmail.com,1,2,2022-07-20,2,1
Tracy Rivera,EMP0279,L^9fMBOl,cindymartinez@jones.com,1,2,2022-07-03,1,1
Wendy Gibson,EMP0280,$4(CFrWn,donnahurst@brown.net,1,1,2024-08-26,1,2
Samuel Nguyen,EMP0281,%9R*CgPB,patricia57@gmail.com,2,2,2022-08-11,2,1
Devin Quinn,EMP0282,#+x3VqnV,rodriguezkimberly@hubbard.com,1,2,2021-11-09,1,1
Ashley Howell,EMP0283,&Rf1DvLk,vanessamullins@yahoo.com,2,2,2021-08-20,1,1
Lori Vazquez,EMP0284,$2N2RuOm,sarahwhite@gmail.com,1,1,2021-08-10,2,1
Diane Lewis DDS,EMP0285,AD(7MmDp,cheryl10@gmail.com,2,1,2024-09-21,2,2
Timothy Jackson,EMP0286,(X%7H9zz,gsawyer@hotmail.com,1,2,2021-11-10,1,1
Alyssa Moore,EMP0287,K!s)6Zxh,johnstonsarah@blackwell.com,1,2,2023-01-07,1,2
Christopher Morris,EMP0288,x#2wT0Zk,peterhogan@anderson-thompson.com,1,2,2020-06-29,2,2
Andrew Johnson,EMP0289,$ru5Kckk,ohart@hotmail.com,2,2,2022-09-06,2,2
Daniel Kramer,EMP0290,(5YKIHq_,matthew07@garcia.biz,2,1,2020-08-19,2,1
Sarah Wilson,EMP0291,Y&3JtTBp,mthomas@gmail.com,2,2,2021-10-22,1,1
Louis Mason,EMP0292,mJ+6M%3i,katie26@hotmail.com,1,2,2020-09-08,2,2
Jeffrey Kirk,EMP0293,*5wAjsgn,jenniferhall@saunders-gordon.net,1,1,2022-06-15,1,1
Krystal Jones,EMP0294,@!ez2G3n,michele91@yahoo.com,1,2,2019-12-28,2,2
Robert Brown,EMP0295,@m7BiiOw,rachaelgray@roberts-morris.info,2,1,2023-11-25,2,2
Yolanda Hudson,EMP0296,5)Zy6Mul,ibrewer@matthews.com,1,1,2024-09-17,2,1
Michelle Reyes,EMP0297,)Ro7aWTv,garrettmorgan@miller.com,1,2,2023-10-28,2,1
Richard Miller,EMP0298,*^S0MUQb,chungdanielle@thomas.org,1,2,2023-03-15,1,2
Kimberly Lam,EMP0299,^z5kGKzf,pmorris@hahn.net,2,1,2023-03-20,2,1
Samantha Ortega,EMP0300,A#&8U$Qo,anthony69@stokes-ray.com,2,1,2022-12-26,2,1
Jennifer Holland,EMP0301,_nz7Yx5M,woodjulia@yahoo.com,2,2,2021-08-13,1,1
James Morrow,EMP0302,_3lwR_ak,david25@logan.biz,1,1,2022-12-15,2,1
Molly Carroll,EMP0303,eN$85%Yd,tylerjay@owens.com,2,1,2022-07-15,1,1
Dana Ellis,EMP0304,Jq*Go1Ns,torresrobert@hayes.com,2,2,2022-10-06,2,1
Raymond Jensen,EMP0305,*8X$0M!q,wcarr@gmail.com,2,2,2022-11-14,2,2
Barry Leblanc,EMP0306,d@8nEuPl,sarah82@gibson.com,1,1,2021-08-11,2,1
Brendan Moody,EMP0307,#8lGrHhm,kwillis@hotmail.com,2,2,2023-06-22,2,2
Stephanie Mitchell,EMP0308,@9)0Qifc,ericgarrett@murphy.com,2,2,2021-04-22,2,2
Steve Ramsey,EMP0309,uH%1Oppp,sydneysnow@ray.com,1,2,2023-07-16,2,2
Becky Kelley,EMP0310,+5z5MDt9,zjohnson@watson-simon.net,2,2,2020-05-20,1,1
Scott Owens,EMP0311,^Dz3UY6w,huertacassandra@wallace.com,1,1,2022-05-07,2,1
Dawn Collins,EMP0312,)G7AOszl,michael13@hotmail.com,1,2,2019-11-13,2,2
Brandon Adams,EMP0313,r(6aU#tt,joygarza@vaughn-vazquez.org,2,1,2020-09-24,2,1
Tina Robinson,EMP0314,oJ)0LQx*,ymoon@gmail.com,1,2,2021-01-07,1,2
Melissa Howell,EMP0315,Hl(0Bh&M,claytonalan@carrillo.com,2,1,2022-06-26,1,1
Jenna Dixon,EMP0316,$45i^RyK,ferrellgail@yahoo.com,2,1,2021-04-19,2,2
Abigail Bass,EMP0317,k!0^*SiC,monroeteresa@hotmail.com,1,1,2024-09-02,1,1
Rebecca Nelson,EMP0318,+7M3*Vlk,karen02@caldwell-stewart.com,1,2,2024-09-09,2,2
Amy Olson,EMP0319,!FT3rNe8,amyevans@yahoo.com,1,2,2020-09-06,1,2
Cassandra Taylor,EMP0320,H*e3SWn*,kimperez@gmail.com,2,2,2024-08-09,1,2
Regina George,EMP0321,TrC_^2Mm,troberts@valdez-mitchell.biz,2,2,2023-05-08,1,2
Robin Fisher,EMP0322,%qj45qRg,dbailey@hunter-cline.biz,2,1,2023-03-10,2,1
Shelley Morgan,EMP0323,&4uSQ@qc,yanderson@yahoo.com,2,2,2023-01-16,1,2
Lindsey Bryan,EMP0324,(%c4Fmnm,howardrobert@gmail.com,1,1,2023-02-06,2,2
Brandy Pugh,EMP0325,_54Pazn9,schneiderlucas@jones.info,2,2,2020-05-10,1,1
Margaret Ortiz,EMP0326,!p1Fef0r,lrodriguez@martinez-hunter.net,1,2,2023-05-23,2,1
Eugene Young,EMP0327,@0UIh3Uk,patriciawilkins@davila.com,2,1,2023-03-31,2,1
Keith King,EMP0328,!4LnOgzo,yvonnestewart@hotmail.com,1,1,2023-05-28,2,2
Renee Brown,EMP0329,11$3kZej,millerkaren@clarke-gonzalez.biz,2,1,2021-03-25,1,2
David Harris,EMP0330,$#v9Jya4,martinheather@yahoo.com,2,2,2021-10-24,2,2
Christopher Graves,EMP0331,*m2Y$H+m,haley53@hotmail.com,1,1,2024-10-05,2,1
Jason Murray,EMP0332,*&Od_5Nn,alicia30@diaz.com,1,2,2023-03-03,1,2
David Garcia DVM,EMP0333,K+H4Taku,caseroy@ramirez.com,2,1,2022-04-16,2,1
Marissa Evans,EMP0334,6(r02MPc,whitedean@yahoo.com,2,1,2022-03-18,2,2
Karen Patrick,EMP0335,tQ+96Hac,shawnsantos@gmail.com,1,2,2024-04-10,2,2
Brianna Johnson,EMP0336,*!IF7SEo,michellenguyen@hotmail.com,1,1,2021-06-28,1,1
Richard Jordan,EMP0337,XaSM%4Rv,dana52@yahoo.com,2,1,2024-02-05,2,2
Michael Stokes,EMP0338,_+I8HXLn,patrick87@jones-holland.com,2,2,2020-10-11,1,2
Jason Williams,EMP0339,v%^6R%fb,ljones@gmail.com,2,1,2023-10-28,1,1
Timothy Smith,EMP0340,DQ+3(HHj,richardacevedo@gmail.com,2,2,2021-07-23,1,2
Andrew Hicks,EMP0341,^h0!8Spc,lucas86@white-williams.net,2,2,2024-02-09,1,2
Mary Clark,EMP0342,4&#B5DHw,jennifer20@daniel-watson.com,2,1,2021-12-07,1,2
Stephen Navarro,EMP0343,G$(0fWoz,daviskaren@gmail.com,2,1,2023-07-28,1,1
Marc Ortiz Jr.,EMP0344,__8BudkF,bpalmer@durham.com,2,1,2020-03-20,2,2
Shawn Brown,EMP0345,+EC)s8My,aarnold@huff.com,2,2,2023-08-30,1,2
Terry Lucero,EMP0346,xF&07gKu,andrewsanthony@gregory.biz,1,1,2023-09-19,1,2
Katherine Ramsey,EMP0347,4$t6DcOz,ryantaylor@gmail.com,1,2,2022-02-13,1,2
Meghan Parker,EMP0348,v_y6UKz),ronalddavis@gmail.com,2,2,2019-12-12,2,2
Aaron Dunlap,EMP0349,@K0XOlc&,pzuniga@gmail.com,2,2,2023-07-14,1,2
Robert West,EMP0350,B_6uZstZ,sarah22@yahoo.com,1,1,2021-10-10,1,2
Kayla Bowman,EMP0351,YO*J3AxH,gordonmichelle@roberson.com,2,1,2020-02-19,1,2
Cheryl Lara,EMP0352,*v3f+!Xz,ronald89@yahoo.com,1,1,2020-08-27,1,1
Scott Hughes,EMP0353,g#&k6M9w,othomas@hotmail.com,1,2,2020-10-04,2,1
Elizabeth Perez,EMP0354,_ZE4EvA&,susan88@yahoo.com,1,1,2024-01-25,1,2
Kristopher Taylor,EMP0355,^@o2B%jc,timothymorrow@gmail.com,1,2,2023-01-28,2,2
Dr. Gail Nguyen,EMP0356,+d6UcHeJ,davidmcknight@crawford-snyder.com,2,1,2022-12-13,1,2
Joseph Owen,EMP0357,)O+7KCJy,lisabailey@gmail.com,2,1,2021-10-09,1,1
Marissa Brown,EMP0358,%S9Ok_!!,nschultz@bryant.com,2,2,2023-06-05,1,1
Kenneth Woods,EMP0359,wI*2HZvF,james07@barrera-obrien.com,1,2,2020-06-20,1,2
Nicholas Watson,EMP0360,q(a6YiSi,stephenseric@hotmail.com,2,2,2022-10-31,1,2
Christopher Navarro,EMP0361,i6!lt0Nz,riverashawn@duncan-henderson.com,1,1,2024-03-26,1,2
Maria Hamilton,EMP0362,T%1eLg&S,williamheath@gmail.com,2,1,2022-01-14,1,2
Lisa Morales,EMP0363,!_7G$c&T,zbowers@gmail.com,2,2,2022-03-04,2,2
Jennifer Calhoun,EMP0364,@fO0BXkq,david85@yahoo.com,2,1,2022-09-21,1,2
Christopher Cummings,EMP0365,9+0*84Ar,uschaefer@hotmail.com,1,1,2024-02-10,2,1
Donald Long,EMP0366,#e079Zpf,jamie05@kelly-smith.com,1,2,2021-05-12,2,1
John Butler,EMP0367,%266eDWb,julia00@hotmail.com,2,2,2022-03-26,2,1
Anna Hall,EMP0368,*3L8HZ4f,hmccullough@yahoo.com,1,2,2021-01-17,2,2
Daniel Barron,EMP0369,z^H5NecW,philip75@gmail.com,2,1,2022-01-19,1,2
Timothy Howard,EMP0370,F)(sU8Ku,brandonwolfe@brown.com,2,2,2023-10-09,2,2
David Jackson,EMP0371,^9(WG6$r,iharrell@gmail.com,1,2,2024-05-07,2,1
Kelly Thomas,EMP0372,fb#J5Xe(,helen29@randolph.com,2,1,2023-09-08,2,1
Katelyn Mendoza,EMP0373,_+0rQ0zv,samanthamiller@hotmail.com,1,1,2023-08-29,2,2
Amy Snyder,EMP0374,p(!379Mo,marcoryan@sheppard.com,2,2,2019-11-03,2,1
Kathleen Martinez,EMP0375,)9eZoRz7,jesuscarrillo@hotmail.com,1,1,2021-06-15,1,2
Timothy Watson,EMP0376,&*30pLt@,cookjennifer@hotmail.com,2,2,2020-12-04,1,2
Krystal Steele,EMP0377,(A0@T1qN,buchananlinda@garcia-hanson.biz,1,1,2022-10-03,1,1
Elizabeth Mendoza,EMP0378,&p9KqFBz,clairesmith@anderson.com,2,1,2023-01-17,1,2
Aimee Lee,EMP0379,I^3IFl2a,pgarner@gordon.com,2,1,2020-03-05,2,1
Mr. Jonathan Meadows,EMP0380,)Cs7WjAa,qgarcia@mcdonald.com,2,1,2023-06-12,1,1
Isaiah Wiley,EMP0381,jC*c08Cc,hlang@graham.com,1,2,2020-12-08,1,1
Christopher Adams,EMP0382,e@0fC^sP,kherring@gmail.com,1,2,2019-11-06,2,1
Susan Brown,EMP0383,@Ms8h6Qx,andrew78@lamb-clark.biz,2,1,2020-07-22,2,1
Leslie Bullock,EMP0384,(bT$F7Gu,bryangraham@king-mack.com,2,1,2021-02-07,2,2
Alan Dickerson,EMP0385,e@aV1lMl,donnaanderson@simmons.com,1,1,2020-09-24,1,2
Samantha Edwards,EMP0386,^7G)M9ih,kelleyjose@pugh-white.com,1,1,2020-02-05,2,1
Kaylee Morrow,EMP0387,)e3Q4CXl,jacksonwilliam@mullins.com,1,1,2020-04-15,2,1
Brian Ballard,EMP0388,%E)!1C(s,richardmoran@hinton.info,2,2,2022-09-27,1,2
Richard Webster,EMP0389,)8)6PNcq,gibbschristopher@hotmail.com,1,1,2024-05-28,1,2
Kerry Graves,EMP0390,j+4DsGc%,robertjordan@hotmail.com,2,2,2022-01-29,1,1
Eric Ellison,EMP0391,)2PswFp7,ashley82@lopez.com,2,2,2021-12-17,1,2
Mark Garcia,EMP0392,5_k!37Kq,leepatricia@robertson-wilson.com,2,1,2024-04-03,2,1
Gregory Case,EMP0393,Y!6*yPfU,taraclark@gmail.com,2,2,2022-02-15,1,2
Alyssa Edwards,EMP0394,H!wE9Cju,john04@yahoo.com,2,2,2023-01-09,2,1
Tara Saunders,EMP0395,W!1nfVpx,alexandraodom@harrison.org,2,1,2021-04-30,1,1
Patricia Harris,EMP0396,E%6JIiRi,zacharyruiz@crawford.org,2,1,2024-06-19,1,1
Juan Nelson,EMP0397,%jvP0dMc,eperez@gmail.com,1,2,2022-02-20,2,1
Allison Figueroa,EMP0398,NI#6Laz^,patrickjackson@jones.com,1,2,2020-07-28,1,2
Charles Bennett,EMP0399,p#n2+D1w,theresa87@jordan-moran.com,2,2,2022-01-13,2,1
Gregory Wagner,EMP0400,+0^@7ViM,uwise@hotmail.com,2,1,2024-04-11,1,2
Evan Burns,EMP0401,#3baCWes,ryanking@yahoo.com,2,2,2022-08-28,1,1
Karen Pope,EMP0402,p%4DWpsF,adamberger@hotmail.com,2,1,2022-10-11,2,2
Hailey Chavez,EMP0403,%(_Bs2Zc,katelyn79@gmail.com,2,2,2021-09-08,1,1
Matthew Sanchez,EMP0404,(h0n+VAs,bryanmacdonald@grant.com,2,2,2021-03-01,1,1
Barbara Black,EMP0405,b@3mhHHd,penningtonmichael@frank-le.com,1,2,2022-07-04,1,1
Rebecca Simpson,EMP0406,#45H(tqu,scottphillips@bishop.biz,2,2,2020-01-24,1,1
Chad Perry,EMP0407,+R5wCNpV,ufranklin@fields.com,2,2,2024-09-08,1,2
James Aguirre,EMP0408,_R+67FYp,rlarsen@gmail.com,2,1,2020-04-13,1,2
Jessica Lee,EMP0409,7N&H2Cna,ernestrowe@wilkinson.biz,1,1,2024-03-18,1,2
Jaclyn Johnson,EMP0410,$*ia$5Jm,welchjanice@donovan-parker.biz,2,2,2024-02-04,1,2
Allen Weiss,EMP0411,%94CgUdq,cervantesgeorge@decker.org,1,2,2021-07-01,2,1
Gregory Martin,EMP0412,wNC)8Orp,jacksongregory@floyd.com,2,1,2020-02-22,2,2
Tracey Scott,EMP0413,h&c5G2Eu,aaron17@hanson.biz,1,1,2020-06-26,1,1
Juan Gallagher,EMP0414,+A8T4OjF,connie21@gmail.com,2,1,2021-06-22,1,1
Nicole Wilkinson,EMP0415,_eb+y0Uc,rnguyen@gmail.com,1,2,2020-11-16,1,1
Amy Allen,EMP0416,vR)43HMf,wmitchell@huff.com,2,2,2021-04-26,1,1
Jennifer Valentine,EMP0417,&4JNY2e1,drakeandrea@gilbert.com,1,1,2023-07-04,1,1
Christopher Walters,EMP0418,J(M2Dae1,timothy80@gmail.com,2,2,2020-02-07,1,2
Cameron Thompson,EMP0419,*0OUt2pH,moorealexis@gmail.com,1,2,2022-06-15,2,1
Joshua Gardner,EMP0420,M5(!E2Dq,fsantos@medina.com,2,1,2022-09-27,2,2
Nicole Mason MD,EMP0421,+pZ13Gzf,debrabarnett@butler.com,2,1,2022-01-13,2,2
Edward Jimenez,EMP0422,H*s8Sq3s,jonathanwilson@mason-tyler.info,1,1,2021-09-18,1,2
Jennifer Hunter,EMP0423,(%+1ZQgz,wilsonmichael@hawkins-logan.net,1,1,2019-11-17,2,1
Philip Martinez,EMP0424,^L_6bcKx,kramerpatricia@gmail.com,1,1,2024-06-08,1,1
Charles Williams,EMP0425,$g#6Kr%e,annaobrien@yahoo.com,1,2,2022-08-30,1,1
Christopher Gross,EMP0426,%3qAnBlH,katrina55@munoz.com,2,1,2024-01-02,2,1
Charles Clark Jr.,EMP0427,&7MROkj4,valdezashley@perry-dillon.com,1,1,2020-02-03,2,2
Patrick Reynolds,EMP0428,J6^&8PSc,brittany64@gmail.com,1,1,2023-03-22,1,1
Mary Scott,EMP0429,!gJ24BlQ,anthony48@yahoo.com,2,2,2022-06-03,1,2
Joshua Bond,EMP0430,(lKH49Ty,pramirez@gray.com,1,1,2020-02-29,1,1
Amanda Henson,EMP0431,f%(7WEZx,kara96@gmail.com,2,1,2020-02-22,1,2
Ian Martinez,EMP0432,r@h6Py2V,wwalker@lane-gonzalez.com,2,1,2022-01-08,2,2
Kevin Mcdowell,EMP0433,!K69K@Ak,grichard@yahoo.com,2,1,2022-01-13,1,1
Yesenia Mendoza,EMP0434,(c4*F%c%,kevin81@hotmail.com,2,1,2024-08-15,2,1
Angela Arnold,EMP0435,8z^xn4Cm,awallace@hensley-ware.com,1,1,2021-12-03,1,1
Renee Henderson,EMP0436,%(k5#Qzk,jillmitchell@yahoo.com,1,1,2022-06-26,1,1
Shawn Shelton,EMP0437,+N8@*Pdz,jessicawilliams@hotmail.com,2,2,2024-07-09,2,1
Lori White,EMP0438,%d9Xs_Rk,deangreen@gmail.com,2,1,2022-12-16,2,2
Robert Gray,EMP0439,L@+T0Am_,moralessusan@hobbs.org,2,1,2023-05-21,1,1
Deborah Washington,EMP0440,$$$3XtkC,zkim@gmail.com,2,1,2021-08-24,2,2
Austin Wagner,EMP0441,%+2%&CDh,derrick37@yahoo.com,2,2,2022-10-13,2,2
Catherine Woods,EMP0442,Z9n!55Wp,bdurham@gmail.com,2,2,2021-10-31,1,1
Cassidy Higgins,EMP0443,&$6Vxuc#,robinjennings@hernandez.biz,2,1,2020-05-25,1,2
Bruce Esparza,EMP0444,AlA!7KxX,clopez@ramirez-davis.com,2,2,2024-07-27,1,2
Kelly Hutchinson,EMP0445,$8BEn&u6,zacharygarcia@richardson-miller.org,1,2,2021-11-30,1,1
Kevin Blake,EMP0446,$TH2OiWr,christophersantiago@gilbert.com,1,1,2020-11-28,1,2
Christina Best,EMP0447,$w4sbJv(,twilliams@yahoo.com,1,1,2023-10-23,2,1
Karen Marshall,EMP0448,_%6YIf$u,jonesamber@gmail.com,2,1,2024-03-02,2,1
Katie Thomas,EMP0449,#07ePXCy,luissmith@sutton.com,2,1,2020-07-02,2,2
Christopher King,EMP0450,n+5Eb3iC,jackmartinez@hotmail.com,1,2,2020-03-26,2,2
Carol Wagner,EMP0451,Ya)2EwKw,fmoss@castillo.net,2,2,2024-06-05,2,2
Carla Turner,EMP0452,(3TYwfw*,nortonkathleen@murray.info,2,1,2023-12-19,2,2
Valerie Castillo,EMP0453,$_7KuIpe,joseph46@phillips-williams.com,2,1,2023-09-11,2,2
Ashley Hall,EMP0454,!@VC9N@a,pjones@barnett.com,1,1,2021-03-07,2,2
Jennifer Sanchez,EMP0455,_j2BtGyR,snydernatasha@hotmail.com,1,1,2020-07-24,1,2
Maria Shelton,EMP0456,)lKi4Gxr,jonathanlopez@welch.info,2,1,2022-09-07,1,1
David Weber,EMP0457,Y#1V8m^m,adawson@alvarado.biz,1,1,2020-12-06,1,2
Benjamin Dawson,EMP0458,+2KidFnl,ejackson@hall-sharp.net,1,2,2022-12-09,1,2
Alexa Wilkinson,EMP0459,)cBq4MqV,jacquelinewilson@white.com,1,1,2020-05-25,1,2
James Freeman,EMP0460,i%J5Agvh,joshuarivas@yahoo.com,1,2,2022-12-19,2,1
Sarah Peterson,EMP0461,#8s^PEMm,debrawells@gmail.com,2,2,2022-02-02,1,1
Crystal Oliver,EMP0462,@63BjQnx,landerson@carter.biz,2,2,2022-03-20,1,1
Natalie Howell,EMP0463,!!66PfwE,ashleythompson@yahoo.com,1,2,2022-11-16,1,1
Jill Smith,EMP0464,^4iA9CFn,yhunter@rivera-carter.com,2,1,2023-12-10,1,2
Heather Santiago,EMP0465,+D5D5Kzm,jacquelinebradley@hotmail.com,1,2,2022-03-26,2,2
Cameron Bailey,EMP0466,_9KC@qy3,kathryn12@gmail.com,1,1,2021-06-10,1,1
Eric Williams,EMP0467,%6(VUv0v,laura83@camacho-lambert.org,1,2,2023-05-01,2,2
Jose Smith,EMP0468,&dZ7BPxM,danielle90@yahoo.com,1,1,2023-11-21,1,1
Edwin Clark,EMP0469,%+85BUfk,sshepard@smith-donaldson.net,2,1,2020-02-25,1,2
Jessica Wilcox,EMP0470,_3vYvdUw,laura45@hotmail.com,1,2,2022-06-03,1,2
Luis Snyder,EMP0471,@V!0KDf7,kimharris@duran.com,2,2,2023-11-26,1,1
Emma Wolfe,EMP0472,!7_WDsVh,cortezchristine@gmail.com,2,2,2022-02-05,1,1
Melissa Howard,EMP0473,E$kuz9Ms,hollowayann@roman.info,1,2,2022-06-22,2,1
Kevin Ibarra,EMP0474,g#6uRAxx,erika46@harris-durham.com,2,1,2023-11-14,2,2
Dr. Joseph Coleman,EMP0475,&A8TDatT,carolwilliams@yahoo.com,2,1,2021-08-08,1,2
Alicia Harmon,EMP0476,Y+8ZiHhu,austin56@yahoo.com,1,1,2019-12-13,2,2
Nicholas Harris,EMP0477,oT(2KDko,karenhurst@anderson.com,1,2,2022-11-19,2,1
Kerry Miller,EMP0478,i)Z8EqEs,john86@mack.net,1,1,2021-09-17,1,2
Kelsey Duncan,EMP0479,$b4XyJFc,renee62@hotmail.com,2,2,2021-01-07,1,1
Christopher Villanueva,EMP0480,GR@3EWn+,oford@gmail.com,2,2,2024-04-23,1,2
Robert Moss PhD,EMP0481,i#6L_v4d,garrettwhite@lindsey.com,2,2,2022-01-09,1,1
Pamela Sawyer,EMP0482,x_83LcJG,allison06@smith-harris.net,2,1,2020-02-29,2,1
Mary Wagner,EMP0483,#WH3YTh#,jacksontony@harris-scott.net,1,1,2023-05-27,2,1
Sandra Walls,EMP0484,e@B#6M_t,alexis05@fernandez-summers.com,1,1,2019-11-01,2,1
William Williams,EMP0485,t@8WyZtE,williamsjason@harris-lane.org,1,1,2023-10-07,2,1
Michael Webb,EMP0486,RM%6K4m5,deborahfrey@yahoo.com,1,1,2023-04-09,2,2
Michelle Ayala,EMP0487,!88vQKHv,zyates@yahoo.com,1,1,2024-05-27,2,2
Philip Schultz,EMP0488,)5iMxeqB,hramirez@gmail.com,1,2,2021-03-28,2,1
Mrs. Tonya Chan,EMP0489,!LjL84Lt,kconrad@keller.net,2,1,2021-11-30,2,2
Michael Barber,EMP0490,%0U4Jx_K,aperkins@price-lucas.com,2,2,2021-05-14,1,2
Gabriel Carter,EMP0491,_@beu8Fb,rhansen@gmail.com,2,1,2024-06-21,2,2
Melanie Benjamin DVM,EMP0492,i#b1VHJo,margaretvaughn@gmail.com,2,1,2022-04-01,1,2
Kevin Stein,EMP0493,I@3ZwSaN,hoffmanpeggy@jackson.net,2,2,2024-02-06,1,1
Charles Bennett,EMP0494,c#9^1NLd,michellefrazier@randall.com,2,1,2024-04-13,1,2
Amanda Best,EMP0495,*3wS2vmm,nelsontammy@powell.com,2,1,2024-02-14,2,1
Jennifer Beltran,EMP0496,(7FlGnCa,daniel95@yahoo.com,2,1,2020-02-01,2,1
Michael Holland,EMP0497,_0n%Scys,jonathanlee@cox.com,1,2,2021-08-16,2,1
Lacey Larsen,EMP0498,+ml2GSCu,lgomez@hotmail.com,2,2,2022-09-29,2,2
Joshua Woods,EMP0499,)U1h&Sly,mitchellmorgan@gmail.com,1,2,2020-02-18,2,1
Jennifer Booth,EMP0500,dT2_7Sbz,terryrobert@hotmail.com,2,1,2023-04-24,2,1
Ryan Rodriguez,EMP0501,_&O3L2Ln,owilliams@ward.net,1,2,2022-03-27,2,2
Nathan Cooper,EMP0502,+MZw0Xwf,fergusonmelissa@gmail.com,1,2,2023-10-06,1,2
Jeffery Arnold,EMP0503,Z)2DRGRn,jodifitzgerald@hotmail.com,1,1,2022-11-06,1,2
Martin Bullock,EMP0504,%64KTj46,glovermario@kelley.com,2,1,2023-05-08,1,2
Alice Price,EMP0505,#Dr3HF@y,burnschristopher@hotmail.com,1,2,2022-11-08,2,1
Kelly Hill,EMP0506,Tl&3GcY*,ymullen@ruiz-hammond.com,1,1,2021-04-04,1,1
Melanie Ryan,EMP0507,)7aSD5x!,wmcdonald@todd.com,2,1,2024-07-11,2,1
Cindy Barrett,EMP0508,&2X0gaar,xbush@hotmail.com,1,1,2022-03-05,2,1
Nicholas Hess,EMP0509,#^7Snivo,angelapruitt@gmail.com,1,2,2020-03-27,1,2
Julie Mccullough,EMP0510,_r!5CTgh,wrogers@yahoo.com,2,1,2020-07-20,2,1
Frederick Fuller,EMP0511,b5!N9uRy,robertsontammy@hotmail.com,2,1,2020-11-21,1,2
April Rogers,EMP0512,@8NJsB4B,stewartmichael@gmail.com,2,1,2024-08-17,2,1
Christian Baker,EMP0513,5!3D#Ylm,wgarcia@hotmail.com,1,2,2022-11-04,2,2
Rebecca Ryan,EMP0514,p%k5KwII,ososa@ramirez.com,2,2,2021-03-13,1,1
Kevin Smith,EMP0515,^S6ZUq^5,michellegonzalez@hotmail.com,1,2,2021-12-21,2,2
Stacy Mann,EMP0516,M&0QGPIs,catherine21@hotmail.com,1,1,2023-12-07,1,1
Molly Smith,EMP0517,*5SkBfrj,ashley23@hotmail.com,1,2,2020-08-23,2,1
Alexander Adams,EMP0518,$0A_gQOh,tonimoran@hayes.com,1,1,2021-04-24,2,1
Jennifer Williams,EMP0519,!8XY*jh),ruben94@west.com,1,2,2022-03-17,2,1
Donald Ware,EMP0520,_(Y2ISj9,matthewrodriguez@hotmail.com,2,2,2024-07-30,2,1
Betty Hess,EMP0521,R&L4E9Xm,cherylsmith@gmail.com,2,2,2023-07-10,2,2
Denise Gross,EMP0522,%^6PDR#g,chambersbenjamin@hotmail.com,1,1,2023-04-17,1,2
James Mendoza,EMP0523,%%_L3mMk,kgardner@johnson.com,2,2,2019-12-28,1,1
Stacey Bailey,EMP0524,!is1OTEn,nicolejones@mcconnell.com,1,2,2020-02-08,1,1
Anthony Austin,EMP0525,L$%O3BAj,zchristensen@gmail.com,1,2,2020-08-30,2,2
Leslie Mullins,EMP0526,P^L2Vn6b,patrickthompson@hawkins.com,2,1,2020-08-06,2,2
Judy Powell,EMP0527,%$*2HHTe,andersontim@gmail.com,1,1,2023-08-25,1,1
Alyssa Gonzalez,EMP0528,*x5Ap1%y,sarah18@lopez.com,1,2,2021-11-26,1,1
Jaime Johnson,EMP0529,*NEl7Kbr,ronaldcross@gmail.com,1,1,2023-06-04,2,1
Christopher Dean,EMP0530,%qK2q5Bj,scott99@hotmail.com,2,1,2021-03-08,1,2
Lauren Brown DDS,EMP0531,Yk(1K)y2,dlang@gmail.com,1,1,2024-04-25,1,1
Jesus Rodriguez,EMP0532,M$2XnNeb,smithhayley@mendoza-vasquez.biz,2,2,2022-04-27,2,2
Brenda Smith,EMP0533,$NC1TuvV,rogersclaudia@wyatt.net,2,1,2021-04-26,1,2
Brittany Johnston,EMP0534,*1$yJkq&,rileycharles@fischer.com,1,1,2020-11-18,2,2
Gregory Levine,EMP0535,P_E8YyZE,lhall@gmail.com,1,2,2024-05-01,1,1
Brianna Holden,EMP0536,%rSiV0Hr,taraherman@harmon.info,2,2,2024-05-24,1,1
Amy Doyle DVM,EMP0537,*5CFrOB%,tylernelson@skinner.com,2,2,2024-03-06,1,2
Andrew Gonzalez,EMP0538,_1B97Xmc,mccormickjason@hotmail.com,2,1,2021-11-17,1,2
James Sanchez,EMP0539,!634B+hG,debbie83@gmail.com,1,2,2024-04-03,2,1
Samantha Tran,EMP0540,1v$&3VOa,watkinskaren@gmail.com,2,2,2023-04-18,2,2
Evan Rocha,EMP0541,(6CXpfi&,adamhartman@yahoo.com,2,1,2020-06-09,1,1
Kathryn Alvarez,EMP0542,_u54WkXr,veronica59@wilson.info,1,1,2024-06-21,1,1
Daniel Garcia,EMP0543,5#06CnOq,tbishop@gmail.com,1,2,2021-02-15,2,1
Richard Nichols,EMP0544,S)J2Cv7a,marychavez@koch.org,1,2,2024-03-31,2,1
Andrea Jenkins,EMP0545,G&x1elUy,garciaerin@jackson.biz,2,2,2023-08-16,1,2
Jimmy Erickson MD,EMP0546,o!2Spipy,ghale@yahoo.com,2,1,2022-04-23,1,1
Yolanda Stone,EMP0547,@6T%%KOk,trannicholas@gmail.com,2,1,2024-07-18,1,1
Joshua Nguyen,EMP0548,I_c3XMRi,jacob59@shaw.org,2,1,2020-05-29,2,2
Alejandro Castaneda,EMP0549,&5dGf6Ob,donald26@yahoo.com,2,1,2024-08-29,2,1
Darlene Carrillo,EMP0550,(99ndBbd,smithcraig@hall.com,1,2,2022-02-17,2,1
Amber Jimenez,EMP0551,W#5Kc*Hw,codywatson@olsen.com,2,2,2020-08-21,1,1
Lisa Hines,EMP0552,$6@0NmMr,ryan54@harris.biz,2,1,2021-10-14,2,1
Tyler Boyd,EMP0553,)7Jv@&(Q,collinschristopher@warren.org,1,1,2023-07-12,1,1
Scott Stevens,EMP0554,&9Vy+Fc5,barrchristopher@yahoo.com,1,2,2023-06-17,2,1
Chelsea Lucero,EMP0555,!4YxQRqn,williamcox@gmail.com,2,2,2024-06-15,2,1
Benjamin Welch,EMP0556,@L2bFzS*,amandajackson@mcclure-brown.biz,1,2,2022-10-22,2,1
Daniel Baker,EMP0557,W_#u5OEg,robert82@pierce.org,2,2,2022-04-06,1,2
Teresa Allen,EMP0558,X@9cNgpN,iwallace@weber.com,2,1,2021-12-29,1,2
Katherine Bailey,EMP0559,@*S8Lbvo,alexandra98@garner-maldonado.com,1,1,2024-01-07,1,2
Michael Harrison,EMP0560,o%#7G2aW,gmassey@hotmail.com,2,1,2024-01-05,1,2
Colton Garcia,EMP0561,Z^87V)Lw,zimmermanrodney@hotmail.com,2,1,2020-11-11,1,2
Austin Charles,EMP0562,#Y9OnvIo,tyler82@gmail.com,2,1,2021-04-24,1,2
Michael Mitchell,EMP0563,)E+35yNh,tracy14@gmail.com,1,1,2022-02-19,2,2
Jason Jimenez,EMP0564,(Cs2Qe$0,davidspencer@townsend.com,2,1,2023-03-11,2,1
Gregory Torres,EMP0565,GU$Y6eWr,whitejeffery@barron.com,1,2,2022-04-06,1,2
Rebekah Mercado,EMP0566,H)&5P^qc,floydamanda@hotmail.com,2,1,2019-10-26,2,2
Brian Fuller,EMP0567,$30^Eujz,cburton@gmail.com,1,1,2021-10-26,2,2
Patrick Shannon,EMP0568,y$ug#1Jh,diazbianca@williams.com,2,1,2022-10-28,2,1
Erin Ward,EMP0569,)0+RMtWm,djohnson@patrick.info,2,1,2023-06-08,1,2
Marie George,EMP0570,9P$6DoF(,hwilliams@gmail.com,1,1,2020-10-28,1,2
Casey Jones,EMP0571,#a0BqayH,adrianjohnson@ramirez-bailey.biz,2,2,2022-05-31,2,1
Isaac Casey,EMP0572,%0W+(D1e,sean46@austin.info,1,1,2020-04-26,2,1
Dakota Lopez,EMP0573,+5ER3pEg,lisaarcher@perez-floyd.com,1,2,2021-11-02,1,1
Lindsey Vang,EMP0574,))4QUX1t,hicksthomas@yahoo.com,1,1,2022-02-08,2,1
Kristina Valentine,EMP0575,#D38CAkj,markhenderson@ward-hall.com,1,2,2020-11-18,2,1
Diane Barton,EMP0576,^rm+58Iv,cheryl80@martinez.com,1,1,2024-07-31,1,2
Juan Bernard,EMP0577,%R0ImUxx,adam91@hotmail.com,2,2,2023-04-25,2,2
Michelle Robinson,EMP0578,&6Piq6*d,barbara05@gmail.com,1,1,2022-05-19,2,2
Darlene Henderson,EMP0579,*19GZi^d,elizabethlopez@yahoo.com,1,1,2022-10-24,2,2
Jonathan Hunt,EMP0580,!6#9uUwv,kirk07@hotmail.com,2,1,2019-11-11,2,1
Ashley Castro,EMP0581,2k+7*U)r,scott45@johnson.com,1,1,2023-10-11,2,1
David Myers,EMP0582,4NE#Q1Vu,omontgomery@chapman.com,2,1,2021-10-02,2,2
Tiffany Beard,EMP0583,iL9#O4Ij,ambergordon@hotmail.com,2,1,2020-11-23,2,2
Mary Lopez,EMP0584,MxK+7RuZ,angela65@turner.com,1,1,2024-08-28,1,2
Christina Love,EMP0585,@_8Abe_m,thomas49@hotmail.com,2,1,2024-10-10,1,1
Andrew Rodriguez,EMP0586,hy$f3Dzc,wernerpaula@hotmail.com,2,1,2021-05-20,2,2
Pamela Martinez,EMP0587,$F1EmOwQ,spowell@gmail.com,1,2,2020-09-05,1,1
Christopher Burnett,EMP0588,^tR%@1Ci,jeffrey92@patel-carroll.org,2,2,2020-03-31,1,1
Christopher Russell,EMP0589,g&G4A%to,jamesfrazier@gmail.com,2,1,2022-03-15,1,1
Jessica Brewer,EMP0590,srJ#2Aco,mary01@barajas.biz,1,2,2023-07-29,1,1
Patrick Russell,EMP0591,&8)(KqJq,thomas74@espinoza.com,2,1,2024-06-08,2,1
Rachel Hughes,EMP0592,^6e*ISln,charles37@yahoo.com,2,1,2023-11-19,1,1
Joel Walker,EMP0593,^7$XprAO,james07@mcknight-graves.com,2,1,2021-11-03,1,2
Cameron Suarez,EMP0594,*4##UrEg,meganbrewer@nelson-sullivan.biz,2,1,2021-02-24,1,2
Alejandra Gregory,EMP0595,#5X$qARj,cthompson@yahoo.com,1,1,2023-10-22,2,2
Richard Hayes,EMP0596,(8EF*%Ta,ywalker@hernandez.com,2,2,2021-12-06,2,1
John Harris,EMP0597,T$Z!4^Ct,ccoffey@gmail.com,1,2,2020-10-29,1,1
Amanda Perez,EMP0598,$K8!ZdIu,colleen09@hartman-martin.info,1,2,2024-05-16,1,1
Destiny Ray,EMP0599,zm+p*2Ti,lisa99@wright.info,1,1,2022-09-01,1,1
Dawn Brown,EMP0600,K$10aSPy,gutierrezbrittany@yahoo.com,2,2,2021-06-16,2,2
Derek Montgomery,EMP0601,6(2g5dYk,navarroderrick@hotmail.com,2,1,2023-03-31,2,1
Jessica Simpson,EMP0602,+3Mh#UJ4,enelson@yahoo.com,2,2,2022-01-26,2,1
Rebecca Clements,EMP0603,!99D&NuK,mary90@gmail.com,2,1,2022-11-15,1,2
Hunter Galloway,EMP0604,7^07Yw%Z,johnwilson@barnes.org,2,2,2023-05-01,2,2
Tracy Chen,EMP0605,!2JBdysc,farmerkevin@brown.info,1,2,2023-10-08,2,2
Stephanie Wilson MD,EMP0606,JO$51lSp,james18@bass-roberson.org,2,1,2021-09-30,1,2
John Mayo,EMP0607,XI!3r2Xl,alexpeterson@gmail.com,1,2,2021-01-22,2,2
Holly Gibbs,EMP0608,a1G%8S!o,kmeyer@hernandez-rhodes.com,2,1,2022-04-10,2,2
Natalie Schmitt,EMP0609,%0UIir4s,cynthia33@gmail.com,2,2,2021-05-17,1,1
Edward Anderson,EMP0610,_$2jtGgl,smoore@mckinney-patterson.com,1,2,2021-12-12,2,1
Steven Kelly,EMP0611,&o2WTlnu,cbates@ward-price.com,1,1,2020-02-20,2,2
Cheryl Armstrong,EMP0612,1Up(1Vrv,huntdonna@yahoo.com,2,2,2021-11-10,2,1
Brian Johnson,EMP0613,+07Qthw3,james53@hotmail.com,2,2,2020-04-25,2,1
Nancy Anderson,EMP0614,V(4BggOs,rwhite@ellis-lewis.com,1,1,2021-02-25,2,2
Natalie Clements,EMP0615,_H9XO*y*,salazarjeremy@ashley.net,1,1,2024-03-20,2,1
Lisa Garcia,EMP0616,RV9_9V9a,smithtiffany@bowman.org,1,2,2020-07-20,1,1
Patricia Williams,EMP0617,ZG!7D@1z,valerie35@hall-johnson.com,2,2,2023-11-09,1,2
James Nixon,EMP0618,&PJ6Krl&,ericatucker@rogers.com,1,1,2021-12-06,2,2
David Torres,EMP0619,+24jAwg@,kathleenmurphy@henderson-castillo.com,1,2,2022-04-30,1,1
Kathryn Burnett,EMP0620,)x5iSUEl,christopher94@hotmail.com,1,1,2020-04-06,1,1
Maria Rivera,EMP0621,_j#5tOzA,petermeyer@hill.net,2,1,2023-01-20,1,2
Kimberly Pineda,EMP0622,y&9Ras1M,jamesrivera@yahoo.com,2,2,2023-10-07,1,1
Clayton Robinson,EMP0623,p^^8SDi#,tiffanyvalentine@hotmail.com,1,1,2021-09-13,2,2
Rachel Moore,EMP0624,!+5pLFCe,jmason@gmail.com,2,1,2022-09-11,1,1
Heather Ashley,EMP0625,_!D4%_Sl,jennifer06@gmail.com,1,1,2020-01-19,2,1
William Brown,EMP0626,L(&0Vu_l,josephtucker@hotmail.com,2,2,2024-08-21,1,1
Andrea Miller,EMP0627,+vU_1EeV,jacqueline53@smith.org,1,1,2021-05-05,1,2
Mitchell Gonzalez,EMP0628,!@ldt7In,brandtelizabeth@smith.org,2,2,2023-11-27,1,1
Mary Sanchez,EMP0629,_3WcdRn7,monicacruz@gmail.com,1,1,2024-08-03,1,1
Bradley Shelton,EMP0630,#VSm8Gwd,fsmith@cole.com,2,1,2023-12-21,1,2
Megan Cline,EMP0631,U^z5ZOyo,thompsonthomas@hotmail.com,2,1,2020-11-27,2,2
Ethan Fuller,EMP0632,)9*TDuOL,debrafletcher@stein.com,2,2,2019-12-30,1,1
Alexandria Nelson,EMP0633,+a(16@Vu,lamstacey@hotmail.com,2,1,2024-05-06,1,2
Curtis Brown,EMP0634,Z^3Hd+dJ,mendozastephen@cobb.com,1,2,2023-01-08,2,2
Erin Burton,EMP0635,i*z1Dswj,cwebb@riddle.biz,1,1,2023-02-27,2,2
Kevin Lewis,EMP0636,Fg&3VyJK,jill35@hotmail.com,2,2,2023-03-11,1,2
James Gardner,EMP0637,#02P*ZxD,lee83@davis.com,2,1,2024-10-07,1,2
Xavier Stark,EMP0638,_5QFEx21,jonesbrandon@yahoo.com,2,2,2020-10-20,1,1
Curtis King,EMP0639,!9dBL&iq,kgonzalez@gmail.com,1,1,2024-08-05,1,2
Stephanie Townsend,EMP0640,6%6LV8bg,branchcheryl@gmail.com,1,2,2021-08-20,1,2
Mary Osborn,EMP0641,*^A(W1Av,tracyschroeder@yahoo.com,1,1,2024-07-16,1,1
Brett Long,EMP0642,h((7MLDl,davidgibson@sanders.net,2,1,2023-10-04,2,2
Bobby Clark,EMP0643,&g)86UdK,jamie99@hotmail.com,1,1,2021-03-04,1,2
Brent Velazquez MD,EMP0644,AA8E(8Oq,ewatson@duarte.info,2,1,2021-07-31,2,2
Michael Williams,EMP0645,_8VDh7Yr,jenniferherman@parker.biz,2,1,2019-11-06,1,2
Ashley Park,EMP0646,)N%3K3Sg,christinawilcox@yahoo.com,2,2,2024-07-27,2,1
Ernest Petersen,EMP0647,e@0GC2#f,sabrina31@mcclure.net,1,2,2024-08-01,2,1
Sheri Moody,EMP0648,(4pM(No%,bradleylindsay@santos.biz,1,1,2024-05-17,2,1
Sandra Hernandez,EMP0649,)N0twLdG,jeremy81@hotmail.com,1,1,2024-08-28,1,2
Mary Williams,EMP0650,$Z9E4FkQ,anthonyhunter@gmail.com,2,2,2023-04-13,1,2
Jerome Jones,EMP0651,%4Rszc11,kathy88@brown.com,2,1,2021-11-26,1,2
Jamie Perez,EMP0652,@qZ3EDaZ,tamiwhite@evans.net,1,1,2024-04-08,2,2
Daniel Conner,EMP0653,#d3O0TIo,steven40@yahoo.com,1,2,2023-05-05,2,2
Jeremiah Richardson,EMP0654,^0f*(CtV,lawrencewilson@thomas-wade.com,1,2,2021-07-11,2,1
Katie Rose,EMP0655,sd(87(Eh,jennifer50@arnold.com,1,1,2020-07-26,2,1
Andrew Jennings,EMP0656,Z%38SN2u,barrjoshua@carter.com,1,1,2020-12-04,1,1
Amy Gardner,EMP0657,!L4Uaj*e,jacqueline68@gmail.com,1,2,2021-12-28,2,1
Monique Ortiz,EMP0658,(_P5Kx*T,nberger@hotmail.com,2,1,2020-10-17,1,1
Angela Chavez,EMP0659,(9SEhmci,wendyyates@gmail.com,2,2,2023-01-14,2,1
Courtney Carlson,EMP0660,_2H*UKSj,taylorgreen@becker.com,1,1,2023-11-10,1,1
Chad Brown Jr.,EMP0661,$g(3GJyk,kristenwoodard@gmail.com,2,1,2024-05-14,2,1
Jacqueline Bates,EMP0662,#0*9Mlg),wheelerangela@hotmail.com,2,2,2024-08-10,1,1
Carol Montgomery,EMP0663,$D4T0KHz,stevensonalison@yahoo.com,2,2,2021-05-18,1,1
Emily Ellis,EMP0664,$96OhXu*,cstewart@haley.net,1,2,2023-11-24,2,2
Karen Wilson,EMP0665,%DloT5Ni,michelle29@baird-bishop.biz,2,2,2022-10-28,2,1
Crystal Rogers,EMP0666,%B5w4Nwo,ocarter@hotmail.com,1,1,2022-10-30,1,2
Andrew Young,EMP0667,7+W1iRv3,kimnguyen@gmail.com,2,1,2024-05-10,1,1
Angela Parker,EMP0668,(5SVj0ii,robert43@mendez-hart.com,1,2,2024-02-05,1,2
John Reid,EMP0669,(0FH0oIf,robert16@powers-jimenez.biz,2,2,2022-01-07,1,1
Katelyn White,EMP0670,#R0mEdJa,larmstrong@richmond-morgan.biz,2,2,2020-06-15,2,1
James Brooks,EMP0671,tk^6M3Ng,tracyberry@hotmail.com,2,1,2023-02-13,1,2
Jonathan Hill,EMP0672,5*J$3pEl,vhess@lee.com,1,1,2021-03-09,2,1
Sydney Ferguson,EMP0673,#@44EVxd,scottmatthew@rivas.net,2,2,2022-12-26,2,2
Kevin Shelton,EMP0674,c*a3DTy_,lsmith@lloyd.info,2,1,2020-11-12,2,1
Scott Garcia,EMP0675,hX$4)Tfx,julie29@brown.org,2,1,2020-10-11,2,1
Amy Young,EMP0676,@1EuWeea,coleduncan@yahoo.com,2,2,2023-02-08,1,2
Miss Elizabeth Mcdonald,EMP0677,)7TkrzRk,jkim@gmail.com,1,1,2020-11-29,2,1
Michael Roman,EMP0678,N(8VIsbj,adam83@gmail.com,2,1,2021-01-25,2,1
Bruce Morrison,EMP0679,%J4Ow7SL,kimberlycallahan@gmail.com,2,2,2021-06-15,2,2
Donna Sweeney,EMP0680,#k8Y^2rQ,jeffreystrong@nielsen-bradshaw.com,1,1,2021-03-16,2,2
Arthur Lewis,EMP0681,(7MS4Y@s,wking@romero.com,1,1,2023-09-13,2,1
Leah Gill,EMP0682,k*af0cZu,carnold@gmail.com,1,2,2023-11-24,2,1
Matthew Williamson,EMP0683,2$3GcjKU,michael46@yahoo.com,2,1,2021-11-19,1,2
Timothy Kelley,EMP0684,x@E$5ERg,myerschristopher@yahoo.com,1,2,2020-02-04,2,1
Stephanie Brown,EMP0685,@&9sXVjZ,courtney75@page.com,2,1,2022-03-11,2,1
Elizabeth Lane,EMP0686,ig^M0Cb*,tammywalsh@yahoo.com,1,2,2020-05-24,1,2
Mary Mueller,EMP0687,O7)5wGHi,mromero@yahoo.com,2,1,2020-04-14,2,1
Ann Owens,EMP0688,^5Vqqi$o,parsonskeith@gmail.com,2,1,2023-03-06,2,2
Victoria Baldwin,EMP0689,Ux+%8Goq,cwilliams@sanchez-dunn.info,2,2,2021-09-03,2,2
Sara King,EMP0690,Ae^12aCq,williamsrobert@yahoo.com,2,1,2023-04-27,1,1
Madison Hunter,EMP0691,#e4P%Neb,david27@palmer.com,1,2,2019-11-22,1,1
Thomas Peterson,EMP0692,(#B+4LZo,jill44@gmail.com,1,1,2024-09-26,2,1
Richard Roberts,EMP0693,u&PAQ5Aa,ayerserica@key-ray.biz,1,1,2021-03-25,1,2
Bethany Nguyen,EMP0694,1_1GIZfZ,steven63@yahoo.com,2,2,2023-10-10,2,1
James Solis,EMP0695,6&&i7*Tl,william32@delacruz.com,2,2,2023-06-01,1,2
Gina Fields,EMP0696,@6V1Zf(2,mary58@gmail.com,1,2,2021-01-14,1,2
Deborah Ayala,EMP0697,z!$F9Bvd,cperry@yahoo.com,2,2,2024-07-02,1,1
Steven Gonzalez,EMP0698,$%#QX7Rr,jenniferbaldwin@gmail.com,1,2,2021-04-07,2,1
Matthew Bryant,EMP0699,nZ6*F6Og,qobrien@copeland.biz,1,1,2021-12-24,1,2
Mary Johns,EMP0700,+5j8Gc1h,xcopeland@yahoo.com,2,2,2020-03-25,1,2
Rick Hurley,EMP0701,M@1FmukW,millerjuan@pittman.com,1,2,2019-11-18,2,2
Erica Fritz,EMP0702,f^6tACb9,thomasreeves@yahoo.com,2,2,2022-09-20,1,1
Roger Vargas,EMP0703,@JMf0BBw,smithrobert@yahoo.com,2,1,2019-12-10,1,2
Cassandra Pierce,EMP0704,@Z6PjYsq,lawsonanthony@stokes-horton.biz,2,1,2023-11-18,2,2
Rose Scott,EMP0705,*F1%Crjd,justindurham@hotmail.com,2,1,2023-02-02,2,2
Joseph Deleon,EMP0706,$$6WQsaT,michael30@abbott.biz,1,1,2021-09-19,2,2
Rachel Alexander,EMP0707,@(9S0BxA,michaelsmith@richards-hill.net,2,2,2022-06-29,1,2
Matthew Santiago,EMP0708,^9FNz6@n,taylor55@church.com,2,2,2021-10-06,1,1
Eric Ward PhD,EMP0709,rn@0Blm1,vbaker@yahoo.com,1,2,2023-10-24,1,1
Eric Ray,EMP0710,z#5JdFZx,christopherlynch@gmail.com,2,2,2019-12-06,2,2
Dan Ryan MD,EMP0711,_j333Se3,lacey43@yahoo.com,1,2,2022-07-07,2,1
Samuel Ingram,EMP0712,0#06QAkh,carsonkelly@ball.org,1,1,2023-01-19,1,2
Denise Jones MD,EMP0713,O*q!0Uls,norrislorraine@carlson-ruiz.com,2,1,2021-05-26,2,2
Jerry Cox,EMP0714,(0nHal!x,micheleanderson@hotmail.com,1,2,2023-04-12,2,1
Alexandria Chen,EMP0715,o7O)3Xzr,gilmoremargaret@yahoo.com,2,1,2019-11-23,2,1
James Anderson,EMP0716,o@w9TsEK,shannonjackson@hotmail.com,2,2,2022-06-28,1,2
Wyatt Figueroa,EMP0717,(47gTwD4,johnnywilliams@thomas.com,2,2,2024-06-21,1,1
Amber Vargas,EMP0718,T_8aZ#Dt,ppetty@wiggins.info,2,2,2023-08-25,1,2
Brian Holland,EMP0719,Jk*$0WbH,vpatton@hale-bennett.com,2,2,2021-06-06,2,2
Justin Lopez,EMP0720,%86yjZv#,erikahood@hotmail.com,2,1,2024-04-10,1,1
Felicia Morris,EMP0721,)85%2D3j,frank85@gmail.com,1,1,2024-04-02,2,2
Mr. Thomas Johnson,EMP0722,by&0iZpN,cathy19@gmail.com,1,2,2024-07-02,1,1
Marc Rodriguez,EMP0723,+77)jAms,harrisheather@gmail.com,2,1,2021-12-23,1,2
Janet Jennings,EMP0724,E%6UBvsY,handrews@hotmail.com,1,1,2022-10-15,1,2
Nicole Nichols,EMP0725,@C1ZkAkb,brandon27@hotmail.com,2,2,2022-02-05,2,1
David Bradley,EMP0726,5kbh#7Ko,gomezmichael@yahoo.com,1,2,2021-03-13,1,2
Matthew Marshall,EMP0727,$n2KD7*j,roseevans@pennington.net,2,1,2024-02-13,1,1
Miranda Wiley,EMP0728,$Q4RSvuz,tammy40@yahoo.com,1,2,2020-02-29,1,1
Justin Cummings,EMP0729,+x7*Z#Dc,deanna35@zimmerman.com,2,1,2023-11-26,1,1
Shawn Browning,EMP0730,#&#5Cwws,reynoldstara@hotmail.com,2,1,2024-08-22,2,2
Michael Baker,EMP0731,^a9JhFrE,rwashington@bell-jefferson.info,2,1,2022-11-14,1,2
Andrew Cook,EMP0732,uW_e4YOe,jlester@yahoo.com,1,1,2024-05-08,1,1
Matthew Jones,EMP0733,(^1A6Fmv,walkerelizabeth@hotmail.com,1,2,2022-05-23,1,1
Christina Burke,EMP0734,O*1BcJ1j,wilsonkathleen@hotmail.com,1,2,2023-10-24,1,2
Melanie Blake,EMP0735,&6&H$Efn,emilyrichards@davis.com,2,1,2024-09-26,2,1
Hannah Collier,EMP0736,Z$21Asvp,williedavis@hoover-smith.org,1,1,2019-11-27,2,1
Anthony Dunlap,EMP0737,+L0RWehm,brian87@yahoo.com,2,2,2023-02-28,1,1
Samantha Curtis,EMP0738,3#1GIn%k,davenportraymond@yahoo.com,1,2,2021-02-11,2,1
John Perkins,EMP0739,t@2Il#h),hurleyadam@yahoo.com,1,2,2022-09-15,1,1
Joseph Joyce,EMP0740,+^j1WqF0,princekaren@baker.com,1,2,2020-03-10,1,1
Jennifer Sparks,EMP0741,L&%9PEDy,mcarroll@lowe-wagner.net,1,1,2023-06-19,1,1
Matthew Brown,EMP0742,_u0Lf)#p,warrendeborah@gmail.com,2,1,2020-05-13,2,2
Robert Garrett,EMP0743,#UM8E3b1,bhutchinson@gmail.com,1,1,2021-03-02,2,1
Juan Thomas,EMP0744,VD##9%Iq,christophercook@cruz.com,2,1,2023-12-12,2,1
James Hobbs,EMP0745,0OL&@5Ey,lwood@schneider.com,1,2,2021-10-30,1,1
Jasmine Diaz,EMP0746,+o4RWZ2q,johnwilliams@hotmail.com,1,2,2021-05-03,2,2
Linda Clements,EMP0747,+H3@pNxg,jason44@gmail.com,1,1,2019-11-05,1,2
William Bell,EMP0748,lo!1)ByC,martinjamie@yahoo.com,2,1,2022-06-11,1,2
Natasha Mullen,EMP0749,)1ZNwQDq,nsimmons@gmail.com,2,2,2020-07-20,2,2
John Hess,EMP0750,@2HfsU)d,samuel31@gmail.com,2,2,2020-10-12,2,1
Jeremy Butler,EMP0751,i@C_6IVd,kochoa@sutton.info,2,2,2021-07-17,2,2
Ronald Keller,EMP0752,&1T(+TjA,jay32@gmail.com,1,1,2021-08-08,1,2
Joseph Brown,EMP0753,O&^@8Hzn,shannonlarson@perry-williams.com,1,1,2024-02-26,2,2
Christopher Payne,EMP0754,#niC0Zp5,jenniferrobles@hotmail.com,2,1,2023-09-11,1,2
Christopher Mcbride,EMP0755,&*N6Xec1,reneemelton@williams.biz,2,2,2022-05-22,1,2
Christine Harrison,EMP0756,%3AoPCdv,lloydvalerie@yahoo.com,2,1,2023-10-09,1,1
Joseph Bruce,EMP0757,%2nx__Wa,stephenskevin@yahoo.com,2,1,2019-12-16,2,2
Sean Cross,EMP0758,0!n8KDdk,loriwarner@hotmail.com,1,1,2022-03-11,1,2
Christopher Thompson,EMP0759,(7UE7NwG,alexanderjason@anderson-yang.com,2,2,2020-03-05,2,1
Destiny Hahn,EMP0760,U*4zN@)w,gilbertcindy@mitchell.net,1,2,2020-07-01,1,1
Erin Young,EMP0761,1p!9C1k$,brownmelissa@gmail.com,2,1,2024-07-14,2,1
Jill Smith,EMP0762,5&7^51Df,paulbrewer@gmail.com,2,1,2021-03-05,1,1
Jamie Tapia,EMP0763,$D0bJh*E,johnsonrobert@grant-young.com,2,1,2023-10-22,2,1
Megan Ramirez,EMP0764,!w6G1Ul6,zhansen@wilson.com,1,2,2020-01-10,1,2
Ryan Spence,EMP0765,#CF_3JGo,reedjessica@jimenez.org,2,2,2023-01-11,1,1
Jennifer James,EMP0766,F%7oH$Xk,xanderson@miller.biz,1,2,2024-06-17,1,1
Samuel Santos,EMP0767,Ip_2U^Ra,shawbrian@hill-smith.com,1,2,2023-03-06,2,2
Kenneth Kline,EMP0768,$7lpPUEa,fzamora@lin.biz,1,2,2021-02-24,1,2
Nathan Richards,EMP0769,M2V@7&Xh,whitewilliam@gmail.com,2,1,2021-10-10,1,2
Jonathan Parsons,EMP0770,*73Bcf6f,akoch@gmail.com,2,2,2024-06-19,2,2
Christopher Evans,EMP0771,9RL%4fAz,davisandre@hotmail.com,1,1,2021-03-29,1,1
Rachel Strickland,EMP0772,&N9*Ui8t,lwilson@russo-lee.net,1,1,2022-04-11,2,1
David Johnson,EMP0773,^PVN51Dq,meganerickson@salazar.com,1,1,2023-06-30,1,1
Eric Wilson,EMP0774,^78O$7hc,lisabradley@aguilar-keller.info,1,1,2020-03-05,1,2
Heather Huber,EMP0775,$3qUWZ^i,petersonconnor@hotmail.com,1,2,2022-09-29,2,2
Christopher Mack,EMP0776,Hg*4Th$*,victoriaallen@hotmail.com,1,1,2023-04-30,2,2
Richard Williams,EMP0777,o19*1D9v,angela18@smith.com,2,1,2022-02-22,2,1
Travis Wilson,EMP0778,%h1YRIw2,chandleranthony@stevens.com,1,1,2020-07-14,1,1
Michael Taylor,EMP0779,el_%_8Pu,victoria62@gmail.com,2,1,2021-09-10,1,1
Dennis Dodson,EMP0780,_v7F2%r),owilliams@yahoo.com,2,2,2021-09-26,1,2
Tiffany Sanchez,EMP0781,h(2Qb(ac,ashley87@hotmail.com,2,2,2021-10-14,2,2
Janice Kemp,EMP0782,(61D6W$w,monicasmith@yahoo.com,2,2,2021-11-02,2,2
Susan Lucas,EMP0783,CHE%s4Us,ramirezjeremy@yahoo.com,2,2,2020-01-27,2,2
Christopher Burnett,EMP0784,$6Kaqnip,steven05@lloyd.net,1,1,2022-03-12,2,2
Janet Parker,EMP0785,x)0iU2Zl,xhoffman@gmail.com,1,1,2024-02-08,1,1
Maurice Jenkins,EMP0786,C!4Xj$di,shirley85@silva-miller.net,2,2,2024-06-02,1,1
Adam Savage,EMP0787,C_!LP3Xr,jasonmoore@gmail.com,2,1,2021-07-05,1,2
Justin Sawyer,EMP0788,#96_Nze3,adamswesley@hotmail.com,2,2,2024-05-23,2,2
Joann Thomas,EMP0789,*C2Qt)2#,tsawyer@gmail.com,2,1,2021-03-01,1,2
Kevin Franklin,EMP0790,a(D63LWi,james94@yahoo.com,1,2,2022-07-13,2,2
Matthew Anderson,EMP0791,&qP_9bVq,fstewart@smith.com,1,1,2022-11-07,2,1
Bernard Dodson,EMP0792,0l$8YoL_,gfaulkner@yahoo.com,2,1,2023-05-20,1,1
Kayla Oconnor,EMP0793,z$1aJq#N,craig42@yahoo.com,2,1,2023-02-18,2,1
Courtney Adams,EMP0794,z)395TaL,htaylor@brown-anderson.com,2,1,2023-03-08,2,2
Adrian Jones MD,EMP0795,Qb@0Bdy),pmason@hotmail.com,2,2,2024-08-20,1,1
Lisa Hawkins,EMP0796,@^8ZCSKk,briana67@yahoo.com,2,2,2022-05-25,1,1
Michael Evans,EMP0797,*7NHUm%w,unavarro@vega.org,2,2,2022-03-25,1,2
Jose Mejia,EMP0798,f!G9FU)g,sleonard@gmail.com,2,1,2023-02-20,1,1
Joseph Harrison,EMP0799,R)5c4Qh#,ymoss@thomas-roberts.com,2,1,2019-11-03,1,2
Eduardo Dickson,EMP0800,U%4FVgeO,melaniecalderon@johnson-gallegos.com,1,1,2021-02-06,1,2
Justin White,EMP0801,l(14Kt@w,dylanheath@anderson.biz,2,2,2020-06-29,2,1
Brent Sutton,EMP0802,Wp$3ZxUv,annacarter@yahoo.com,2,1,2021-01-18,2,2
Sherry Hartman,EMP0803,+*c3LVNp,gutierrezjodi@yahoo.com,1,1,2021-11-24,2,2
Stephanie Silva,EMP0804,m^2n3Ejb,crystal26@jones-mccarthy.com,1,2,2021-12-01,2,1
Lisa Scott,EMP0805,lO!07Tsm,xyoung@phillips.com,1,1,2021-06-06,2,1
Brian Gordon,EMP0806,d7)1NXil,zachary52@yahoo.com,2,1,2023-01-06,2,2
Isaiah Ramsey,EMP0807,ge*!2DFl,mcdonaldvictoria@gmail.com,1,2,2022-05-02,1,2
Connie Davidson,EMP0808,$8vON2Cw,bairdtodd@hotmail.com,2,1,2019-11-25,1,2
Ryan Howard,EMP0809,@6DHuzdP,zlopez@harding.com,2,1,2021-11-01,2,2
Dustin Bennett,EMP0810,L$8hSgq^,chloemcgee@howard.net,1,2,2023-10-25,2,1
Mike Mcconnell,EMP0811,vsE!1V5y,caseyhoward@bowen.com,1,2,2023-12-03,2,2
Benjamin Wilson,EMP0812,*!2^Zhas,kmcguire@yahoo.com,2,1,2020-04-10,2,2
Sharon Torres,EMP0813,+5M($GhT,cynthia21@yahoo.com,2,2,2021-06-01,1,1
Christopher Parker,EMP0814,@2BrPKqo,alex68@richards-chavez.net,1,1,2021-01-30,1,2
Steven West,EMP0815,y(jB4(Jy,jennifersimpson@pope-adams.com,1,1,2024-01-04,1,1
Kimberly Williams,EMP0816,&3MKmcrk,calebrose@thornton-vega.com,1,2,2024-06-27,2,1
Brandon Gillespie,EMP0817,8%2MKn!H,jhawkins@gmail.com,2,2,2024-06-22,2,1
George Mitchell,EMP0818,_p9g90Ha,snowchristopher@hotmail.com,1,2,2020-09-08,2,1
Mark Estrada,EMP0819,!#ZKN8Ri,srussell@velazquez-harrison.org,1,2,2020-01-07,1,1
Stephanie Campbell,EMP0820,h!@66Vht,yrichard@hotmail.com,1,1,2020-10-10,1,2
Mark Short,EMP0821,K^_GL7Pt,daviddavis@yahoo.com,2,2,2021-07-15,1,2
Nicole Hall,EMP0822,!47jHeRb,matthew24@yahoo.com,1,1,2021-01-08,2,2
Carol Davis,EMP0823,(1vrTLc&,benjamin08@yahoo.com,2,1,2023-12-22,2,1
Robert Pearson,EMP0824,+Ht&5Bmv,larryvasquez@robbins-walls.com,2,2,2023-07-06,2,1
Ashley Bell,EMP0825,$72Rmuik,elizabeth28@hotmail.com,2,1,2020-11-08,1,1
Susan Chapman,EMP0826,_x&9WIlm,donald24@gmail.com,1,1,2021-04-13,2,2
Tracy Barrett,EMP0827,%6UYDOrq,zramsey@gmail.com,1,1,2021-12-08,2,2
Gregory Brooks,EMP0828,)D2YXook,barbara91@gmail.com,1,2,2023-10-30,2,2
Beth Hart,EMP0829,&4LTK0eo,jade76@yahoo.com,1,2,2022-01-27,1,2
Matthew Campbell,EMP0830,Ck5^t2Kp,ehansen@hotmail.com,2,2,2023-04-09,1,2
Derek Ross,EMP0831,uE^)21Za,kaitlincollins@rivera-brady.com,1,2,2022-04-12,2,1
James Martinez,EMP0832,cP#a6Y5c,imitchell@clark.com,2,2,2022-05-09,1,2
Jeff Madden,EMP0833,$2VqLlKp,kellie70@wilson.info,2,2,2024-08-12,1,2
Scott Silva,EMP0834,T$D@6Vi#,ryan17@gmail.com,2,1,2023-02-27,1,2
Heather Glover,EMP0835,^z67a(Ge,spalmer@mack.info,2,2,2021-08-22,2,1
Ronald Mann,EMP0836,C!)P3Cqd,bbrown@hotmail.com,1,1,2022-08-21,2,1
Tracy Dodson,EMP0837,_1)L6$o9,ycarter@baker-petty.com,1,2,2024-06-22,2,1
Steven Melendez,EMP0838,+6RS96Br,scruz@brown.info,1,1,2023-06-18,1,2
Daniel Watson,EMP0839,&0QMoL5R,ebaker@adams-grimes.com,1,2,2020-11-27,2,2
Tanya Clay,EMP0840,mB%u8Vya,timothycarpenter@martin.org,2,2,2020-02-20,1,2
Mrs. Melanie Singh,EMP0841,&Z5i2Goy,ztaylor@wang-neal.com,2,2,2020-11-26,2,2
Linda Vaughan,EMP0842,l)6Xq)oj,ismith@hotmail.com,1,2,2020-07-12,2,1
Barbara Montgomery,EMP0843,U@A)5HjQ,natasha08@gmail.com,2,2,2020-01-04,2,1
Melissa Chapman,EMP0844,IeR@K4Pj,traci06@barnett-smith.biz,1,1,2023-07-31,1,1
Jennifer Juarez,EMP0845,^mA7d*Ic,robert86@gmail.com,1,2,2020-09-22,1,1
Patricia Freeman,EMP0846,^3b5Pslw,scottkendra@yahoo.com,2,1,2023-05-06,2,1
Donna Gonzalez,EMP0847,z(@k5Abn,campbelllisa@gmail.com,1,2,2019-10-31,2,2
Steven Davidson,EMP0848,f+7MUyUp,brandon68@hotmail.com,1,1,2022-04-17,1,2
Lisa Guerra,EMP0849,*gA0tFrH,john42@hotmail.com,2,2,2022-05-13,2,1
Megan Austin,EMP0850,_n)18JhY,smithdanielle@browning.biz,2,1,2020-12-22,1,1
Michelle Hunt,EMP0851,y$#q6Pj3,jessica24@mccarty-mcdonald.com,1,2,2022-04-17,2,2
Lauren Proctor,EMP0852,&)n_2HKq,alex74@ross.org,2,2,2023-10-24,2,1
Amber Fisher,EMP0853,^C3R%Zf&,xthornton@yahoo.com,1,1,2022-11-07,2,1
Jeffrey Jackson,EMP0854,zF^4GjjF,lauralopez@thompson-carr.org,2,1,2020-08-06,1,2
Mark Cruz,EMP0855,u#Vd&0Mm,vesparza@humphrey.com,1,1,2024-06-22,1,2
Joshua Hamilton,EMP0856,S*y4LdW+,sheilareed@walls.com,2,2,2023-05-05,2,1
Andrew Johnson,EMP0857,(4JCW*be,clarkjonathan@kim.com,1,2,2021-10-05,2,1
Jill Schneider,EMP0858,@l20^NPw,robinsonomar@burch.com,2,1,2020-08-27,2,1
Tamara Bernard,EMP0859,%_+^a6Nd,autumnpierce@gmail.com,2,2,2024-02-02,2,1
Ricardo Rodriguez,EMP0860,%1x@QGsl,lmejia@klein.info,2,2,2022-03-30,2,2
Wendy Page,EMP0861,*M5IOGtQ,jennifer84@hotmail.com,1,1,2020-04-09,2,2
Richard Velasquez,EMP0862,_09+sXma,chowell@harris-white.info,2,1,2022-08-30,2,1
Derek Kennedy,EMP0863,+0TXVllp,angeladavis@robinson.net,1,1,2020-04-13,2,2
Michael Bird,EMP0864,+4ZXDJFr,gatessandra@hotmail.com,1,2,2023-07-10,2,2
Joseph Newman DDS,EMP0865,^3AnuYPh,mkelley@james.com,2,1,2020-12-27,2,1
Robert Gross,EMP0866,d^2EJqzk,jenniferwinters@hotmail.com,2,1,2021-10-01,1,2
Fernando Norris,EMP0867,*L(&1Kl^,barrettbrenda@hotmail.com,2,2,2020-10-10,2,1
Jacqueline Trujillo,EMP0868,%v2qDe(k,heatheradkins@hotmail.com,2,1,2019-12-18,1,2
Dustin Johnson,EMP0869,06$3Bgjc,ddaniels@yahoo.com,1,2,2022-11-12,1,1
Michael Hunt,EMP0870,9@$78uDg,michael12@anderson-reynolds.net,1,1,2022-02-07,1,1
Michael Bennett,EMP0871,0)z07Pf(,johnathanolson@vasquez.com,2,2,2022-11-18,1,2
Daniel Salazar,EMP0872,^8sNDO2t,wrightjames@wright.com,2,2,2022-12-26,2,1
Troy Taylor,EMP0873,$2m^Cjws,lmiller@yahoo.com,1,1,2021-07-18,2,1
Gerald Solis,EMP0874,_10rMgrm,sheila17@jones.com,2,2,2022-11-04,1,1
Andrew Wood,EMP0875,n&0XodLe,jensenloretta@hotmail.com,2,1,2019-11-18,1,2
Kari Fisher,EMP0876,H#0_2U*h,victorallen@lewis-torres.com,1,1,2020-12-04,2,2
Tammy James,EMP0877,&6ruFqki,maria42@henry.com,1,1,2021-05-24,2,1
Gregory Barnes,EMP0878,+W8wEu1P,pbrown@gmail.com,2,2,2020-06-18,1,2
Thomas Lawson,EMP0879,^X4V*kLT,brian31@rowe.net,2,1,2020-10-12,1,2
Vanessa Martinez,EMP0880,^6PoiUcq,kwilson@armstrong.com,2,1,2023-06-02,1,1
Terry Stewart,EMP0881,*C%1DiGc,rhonda34@gmail.com,1,2,2023-03-20,1,1
Kelli Hardy,EMP0882,#rt1SUWj,kathryntapia@yahoo.com,1,2,2022-01-28,1,2
Laura Aguilar,EMP0883,mq#Qj7Wi,cmiller@gmail.com,2,1,2022-02-26,2,2
Kelli Gomez,EMP0884,#4*$6Aim,wcox@yahoo.com,2,1,2023-06-07,2,2
John Anderson,EMP0885,pN*5j3Cq,williamcollins@gmail.com,1,2,2020-08-18,1,2
Patricia Palmer,EMP0886,4%F6(Uji,castrobrittany@smith-ashley.com,1,2,2021-07-18,1,1
Mrs. Danielle Lee,EMP0887,p3h*9Xs),wholloway@hotmail.com,1,2,2019-11-14,2,2
Linda Richardson,EMP0888,%5c68BXe,carrolldavid@kennedy.com,1,1,2023-10-08,2,2
Julia Berry,EMP0889,%j_7Efml,meghancontreras@jackson.com,1,1,2022-11-25,2,1
Brad Garcia,EMP0890,L3#I4J9q,bmartin@hotmail.com,1,2,2022-12-06,1,1
Eddie Johnson,EMP0891,*nL1AEiy,john04@tran-harris.net,2,1,2022-08-01,1,2
Robert Deleon,EMP0892,g$3_LwSz,jeremy52@hotmail.com,2,2,2020-11-22,2,1
Veronica Gonzalez,EMP0893,^p7Wl3ie,andersonjessica@jordan.com,1,2,2022-03-22,2,1
April Robles,EMP0894,!3DDvHag,pmartin@thomas.com,1,2,2020-01-10,1,1
Michael Ortiz,EMP0895,U%1fCu*k,paulmcclure@white.com,2,2,2020-01-17,1,1
Sarah Henderson,EMP0896,Xy*6BR$o,juankelly@hotmail.com,1,2,2022-10-09,1,2
Jeremy Thomas,EMP0897,*b(2Jg0i,traci28@yahoo.com,2,1,2021-05-21,1,2
Autumn Jones,EMP0898,@(6TpD8s,bennettjoanna@ortiz-smith.com,2,1,2022-04-24,2,2
Kristin Cardenas,EMP0899,j^3VLzia,osilva@gmail.com,1,2,2021-05-15,1,2
Cheryl Schneider,EMP0900,!0%&WBYt,jason64@gmail.com,1,2,2020-06-04,2,2
Joshua Erickson,EMP0901,)@9Q6FcK,josephbarnes@mathews-hickman.com,1,2,2021-11-25,1,2
Theresa Hernandez,EMP0902,+9ZQhjMr,bradley93@fuller-hunt.biz,2,1,2022-05-24,2,2
Stacy Brooks,EMP0903,h(8hxLm@,ghiggins@johnson.com,1,1,2023-12-08,2,2
Megan Edwards,EMP0904,$_0aDeHa,wayne65@gmail.com,2,1,2021-11-07,1,2
Tracy Schmidt,EMP0905,^3j&TicK,stefaniejones@walker.com,1,2,2023-02-18,1,1
Andrew Hess,EMP0906,u*1B+sGf,richardhart@yahoo.com,1,1,2024-10-12,2,2
Courtney Freeman,EMP0907,7l+0u5Rv,danielgrimes@yahoo.com,2,2,2023-11-08,1,2
Andrew Smith,EMP0908,(PGw1Nj#,francojennifer@jones.com,1,2,2022-06-05,1,1
Brenda Simpson,EMP0909,m!D10XBg,karen04@michael-clark.com,2,2,2021-08-20,2,2
Curtis Hamilton,EMP0910,*4ZSALgH,robert77@hotmail.com,2,2,2023-08-29,1,1
Daniel Garrett,EMP0911,@7DAUYg#,lisanguyen@gmail.com,2,1,2023-09-07,1,2
Chelsea Cruz,EMP0912,rQ^6Nfog,christopher20@hotmail.com,1,2,2021-08-11,2,2
Kevin Garza,EMP0913,_*Rx7Awa,dcunningham@taylor-chen.com,2,2,2020-04-16,2,2
Carol Weaver,EMP0914,!2MRZfMq,john63@bowman.com,1,1,2024-02-11,1,1
Dr. James Martinez DDS,EMP0915,%nG5MkBb,jason87@hotmail.com,2,1,2021-07-30,2,2
Amanda Rodriguez,EMP0916,_@3+Cucr,lopezkimberly@hotmail.com,1,1,2023-09-29,2,1
Tracy Phillips,EMP0917,(5cUgU&H,ambermiller@yahoo.com,1,1,2022-05-09,1,2
Dawn Moore,EMP0918,)eC9Jj)Z,mistywallace@anderson-garcia.com,1,2,2020-04-22,2,2
Timothy Taylor,EMP0919,z*Z9%D(o,turnerlindsey@gmail.com,2,2,2022-08-31,2,2
Lori Doyle,EMP0920,$3(74Jtl,willisdavid@norton.com,2,1,2021-03-13,2,1
Andrea Weber,EMP0921,d@L65Gys,ferrellsusan@farley.org,1,2,2019-12-19,2,2
Wendy Cain DDS,EMP0922,ZD+2MeZl,laurenpeterson@yahoo.com,2,2,2021-09-30,1,1
Kelly Fowler,EMP0923,&sI2OMrT,joseph31@yahoo.com,1,2,2020-06-20,1,1
Patricia Petty,EMP0924,oIo!3Iq%,cruzjacob@hotmail.com,1,1,2023-06-15,1,1
Meghan Ball,EMP0925,R9*1MXzP,crystalmendoza@hotmail.com,2,2,2021-11-28,2,2
Meghan Williams,EMP0926,%8I0lQMT,vmorris@hotmail.com,1,2,2021-05-09,2,2
Eddie Taylor,EMP0927,!D1iQ)Vs,michaelfuller@hotmail.com,2,2,2020-06-27,1,1
Betty Warren,EMP0928,*2bQOUIn,pamela16@gmail.com,2,2,2023-04-24,2,1
Mark Evans,EMP0929,c^!8@Ulk,ynguyen@morrison.biz,1,1,2021-05-28,1,1
William French,EMP0930,%@0LW%rs,jameshowell@gomez.com,1,1,2020-03-01,2,1
Jerry Mills,EMP0931,@#e3Anaz,zalexander@yahoo.com,2,1,2023-01-30,2,2
Ronald Mitchell,EMP0932,uD_5SmBj,gbarton@jensen.com,1,2,2023-04-22,2,1
Nicole Stanley,EMP0933,&9U2tbNN,jonathan66@hotmail.com,2,1,2022-02-18,1,1
Kristen Bryant,EMP0934,+79m8TJe,bvance@james.biz,2,1,2023-07-02,1,1
Aaron Ruiz,EMP0935,2W*2bXsq,jakepollard@gmail.com,2,1,2020-02-16,1,2
Kristen Garcia,EMP0936,k)5DQrKk,christinepineda@le.com,1,2,2023-04-22,1,1
Emily Short,EMP0937,^8lNAt13,ohudson@yahoo.com,2,2,2023-05-26,1,2
Carla Brown,EMP0938,L)0VA6yc,rebecca48@yahoo.com,1,2,2021-10-15,1,2
Jeremy Buck,EMP0939,&!W!O7De,kimberlymartinez@yahoo.com,1,2,2023-05-11,1,1
Donna Roberts,EMP0940,a@^3SvtX,markrichardson@yahoo.com,1,2,2020-10-13,1,1
Zachary Mcgrath,EMP0941,d&8UbL8*,irussell@knight.com,2,2,2020-09-15,2,1
Mike Knight,EMP0942,^8gj9UVk,hmedina@yahoo.com,1,2,2022-11-25,2,2
Christopher Wilson,EMP0943,)7Bs6U2M,robert67@gmail.com,2,2,2020-03-16,1,1
Roberto Adams,EMP0944,^3DAOgaj,qweaver@yahoo.com,2,2,2021-05-29,1,2
Oscar Simmons,EMP0945,9$7KTJrg,danielevans@gmail.com,1,2,2021-11-23,2,1
Daniel Johnson,EMP0946,+L*w#2Kn,smithcassandra@warren.com,1,1,2022-07-26,2,1
Audrey Hughes,EMP0947,&+c3pWVl,kaitlynyoung@henson-steele.com,1,1,2020-05-02,2,2
Diana Huff MD,EMP0948,2^h9!Qpf,jordanstacey@hotmail.com,1,1,2020-01-05,1,1
Marissa Jenkins,EMP0949,$8$62tDb,ericcarter@yahoo.com,1,2,2020-05-21,1,2
James Vargas,EMP0950,_q81G+kT,katrina79@hotmail.com,1,2,2022-01-30,2,1
Steven Rivera,EMP0951,!tB1Zlup,martineztanya@hotmail.com,1,1,2021-07-05,2,1
Kimberly Lamb,EMP0952,)@97jEUg,scottreyes@hotmail.com,1,2,2022-12-25,1,1
James Miles,EMP0953,^5Ket!^L,caldwelladam@gmail.com,1,2,2020-02-22,1,1
Elizabeth Jones,EMP0954,^Q85IGgs,wking@hotmail.com,2,2,2022-05-08,1,2
Caitlin Nelson,EMP0955,o!#X5R#g,joshua38@watson.com,2,2,2022-10-09,2,2
Christopher Wright,EMP0956,C*25JOdg,wjuarez@gmail.com,2,2,2021-10-19,1,1
Charles Perez,EMP0957,^)r1q!Gi,joshuachambers@hotmail.com,2,2,2021-05-31,2,1
James Cooper,EMP0958,_6Gf)iA7,dkoch@miller.biz,1,1,2021-12-27,1,1
Robert Burke,EMP0959,T#WK0MAg,jillrobinson@rios-myers.com,1,1,2023-04-09,2,2
Kyle Harmon,EMP0960,(1Uto4lZ,wilsonkenneth@yahoo.com,2,2,2019-12-31,2,2
Vernon Mccoy,EMP0961,W_73fFLe,savannahjones@gmail.com,2,1,2020-04-15,1,1
Mariah Richardson,EMP0962,_8LkR2$D,lisamcbride@yahoo.com,1,2,2023-07-26,1,1
Michael Becker,EMP0963,4+%1InMu,vincentgomez@gmail.com,1,1,2024-07-22,1,1
Troy Arnold,EMP0964,t^X9KS2o,frenchjanet@valdez.info,2,2,2021-03-20,2,2
Derrick Mays II,EMP0965,(3Bsm@Pg,melinda04@smith.info,2,2,2020-11-16,1,1
Erin Gardner DDS,EMP0966,%$gL2Wij,ashleemiller@gmail.com,1,2,2022-10-25,2,2
Tanya Sellers,EMP0967,(8G!7TId,mrodriguez@hotmail.com,1,2,2023-12-07,1,1
William Davidson,EMP0968,i&2#3Hfr,davidlee@edwards.info,2,2,2021-10-06,1,2
Tamara Edwards,EMP0969,7FI+7PYy,jasminehebert@hotmail.com,1,1,2020-05-16,1,1
Kathryn Clark,EMP0970,_5OIiYwv,connorjennings@thompson-harris.org,2,2,2022-10-08,1,2
Julia Perez,EMP0971,!t5QVGBx,youngchristina@dodson-young.com,1,1,2023-10-16,2,2
Bianca Fleming,EMP0972,64%449Gb,scottjones@bennett.biz,1,2,2021-04-27,1,1
Margaret Ward,EMP0973,!00^5M_q,johngordon@ingram.com,1,1,2021-12-19,2,2
Susan Zamora,EMP0974,_33*MxkS,evelyn48@newman-walls.info,2,2,2024-09-01,2,1
Christopher Moore,EMP0975,jt#68UIh,acurry@perez.com,2,1,2023-03-25,1,2
Jonathan Quinn,EMP0976,Df!7U5bg,michael60@brown.com,2,1,2024-01-01,2,2
Katherine Miller,EMP0977,+w76Dns0,christopher65@gmail.com,1,1,2021-09-27,2,2
Jeremy Lewis,EMP0978,X*b8^WgV,annarojas@smith.com,2,2,2024-10-13,1,1
Noah Levy,EMP0979,sC_6Gy(q,bbenson@gmail.com,2,1,2020-08-13,1,2
Kimberly Wood,EMP0980,6!3P1Knz,kevinstevens@hughes.com,2,2,2023-05-25,2,2
Joanna Simon,EMP0981,+Hz33TsV,jonesjennifer@cook-sanchez.biz,1,2,2019-12-01,2,1
Brianna Hickman,EMP0982,^t9MiA$u,lewisolivia@hotmail.com,2,1,2022-03-14,2,2
Christine Combs,EMP0983,(OMX4Cgh,swansonmonica@hotmail.com,1,2,2021-02-04,2,2
Laura Vargas,EMP0984,J#5Xet_s,kimberlyestrada@walsh.org,1,1,2021-12-01,2,1
Erica Bruce,EMP0985,&9gx4Egr,davidsmith@scott.net,1,1,2024-06-08,1,1
John Mccann,EMP0986,$6LMh@&e,ucastro@robinson.com,1,1,2021-04-19,2,1
Jacob Patel,EMP0987,&Kw2P2Xm,juliewilliams@hotmail.com,2,2,2022-11-12,2,2
Margaret Stephenson,EMP0988,(92Dxoux,kristi60@hicks-robinson.net,2,2,2021-03-04,1,1
Tammy Young,EMP0989,#3FmDrSy,bakerspencer@boyd.net,1,2,2020-11-21,2,1
Dr. Christopher Matthews,EMP0990,$!*19SLc,patrick29@hotmail.com,2,2,2023-03-27,1,2
Samantha Middleton,EMP0991,e$p1rXk^,stacyhouston@gmail.com,2,2,2024-05-16,1,1
Nicole Bradley,EMP0992,u^Z4WZpc,castillojacob@hotmail.com,1,1,2023-12-21,2,1
John Davis,EMP0993,I(4vSSwf,sharonkelly@yahoo.com,2,1,2023-06-04,1,2
Megan Williams,EMP0994,_1ZAIeAt,olsonnicholas@yahoo.com,2,1,2024-08-12,2,1
Dustin Jones,EMP0995,^6FCi6Y6,donnalopez@ramos.net,1,2,2022-05-18,2,1
William Hill,EMP0996,$3z9^Pgj,pallen@yahoo.com,2,1,2022-11-07,2,2
Lindsey Chapman,EMP0997,NU#v3Wqa,daniel64@foster.org,1,1,2024-03-06,1,1
Stacy Miranda,EMP0998,I(2T02Ax,leejeanette@underwood.net,2,2,2022-06-18,2,1
Daniel Padilla,EMP0999,%22U%#(y,wblackwell@hughes-scott.com,2,2,2021-01-29,1,2
Katherine Rodriguez DVM,EMP1000,^3W)a)um,stacy66@brown-allen.com,2,1,2021-09-09,1,2
