name,employeeId,organizationDomainId,roleId,joiningDate,designationId,departmentId
Karla Shepherd,EMP0001,1,2,2022-02-23,2,2
Gregory Alvarez,EMP0002,2,1,2024-04-09,2,2
Gabriel Singh,EMP0003,1,1,2024-04-27,1,2
Terry Boyer,EMP0004,1,1,2020-07-24,2,1
Michael Richards,EMP0005,2,2,2023-05-14,2,1
Christopher Austin,EMP0006,1,1,2020-05-26,2,1
Johnny Perez,EMP0007,1,1,2020-07-26,2,1
Paul Gonzalez,EMP0008,1,1,2021-09-22,1,2
Jennifer Massey,EMP0009,1,2,2021-12-04,2,1
Cynthia Cooper,EMP0010,2,1,2023-01-06,2,2
Alexander Finley,EMP0011,1,2,2019-12-25,2,1
Derek Walsh,EMP0012,2,1,2021-12-05,2,1
William Zimmerman,EMP0013,2,1,2023-12-18,1,2
Christina Hernandez,EMP0014,1,2,2020-06-29,1,2
Sheila Tate,EMP0015,2,2,2020-02-12,1,1
Daniel Phillips,EMP0016,1,1,2024-03-19,1,2
Lisa Smith,EMP0017,1,2,2020-01-22,1,1
Richard Anderson,EMP0018,2,1,2021-02-28,2,2
Allen Price,EMP0019,2,1,2023-07-19,2,1
Laura Smith,EMP0020,2,1,2022-06-19,2,1
Joann Robinson,EMP0021,2,2,2020-03-22,2,1
Diane Manning,EMP0022,2,2,2021-05-15,1,2
Matthew King,EMP0023,1,1,2020-09-19,1,1
Carol Smith,EMP0024,1,1,2020-01-20,2,1
Christopher Smith,EMP0025,1,2,2021-12-27,1,1
Emily Serrano,EMP0026,1,1,2020-07-07,1,1
Michelle Dixon,EMP0027,1,2,2023-10-28,2,2
Bob Nichols,EMP0028,2,2,2021-04-14,1,2
Maria Jenkins,EMP0029,2,1,2023-09-24,1,1
Jessica Smith,EMP0030,1,1,2023-07-13,1,2
Jordan Richardson,EMP0031,1,1,2021-09-25,2,2
John Blackwell,EMP0032,2,2,2021-07-27,2,2
Kimberly Singh,EMP0033,2,2,2020-04-15,1,2
Gregory Fisher,EMP0034,1,2,2022-01-03,1,1
Sandra Howe,EMP0035,1,2,2023-04-19,2,1
James Hester MD,EMP0036,2,2,2021-09-18,2,2
Alicia Thomas,EMP0037,1,2,2023-07-02,1,1
Matthew Mueller,EMP0038,1,2,2020-10-28,2,2
James Fisher,EMP0039,1,2,2019-10-30,1,1
Donald Franklin,EMP0040,2,1,2023-08-20,1,1
Robert Brooks,EMP0041,2,1,2020-07-10,1,1
Kathy Lozano,EMP0042,2,1,2022-06-16,1,2
John Webster,EMP0043,1,1,2021-08-03,2,2
Maria Hancock,EMP0044,1,2,2023-02-28,1,1
Susan Jones,EMP0045,1,1,2024-08-19,1,2
Ronald Brooks,EMP0046,2,2,2021-10-01,2,1
Joshua Smith,EMP0047,2,2,2020-10-31,1,2
Brandon Mahoney,EMP0048,2,1,2022-11-16,1,1
Shelly Marks,EMP0049,2,1,2023-09-29,1,1
Luis Mcdonald,EMP0050,1,2,2022-04-06,2,1
Dana Saunders,EMP0051,2,2,2023-05-03,1,1
Sergio Brady,EMP0052,1,2,2020-09-30,1,1
Christian Williams,EMP0053,2,2,2020-02-07,2,1
Michael Bowers,EMP0054,1,1,2019-10-30,2,2
Yvonne James,EMP0055,1,2,2019-11-23,2,1
Holly Watson,EMP0056,1,1,2021-10-06,2,2
Amy Simpson,EMP0057,1,2,2023-01-25,2,2
Jessica Davies,EMP0058,2,1,2023-03-31,2,1
Steven Campbell,EMP0059,1,2,2022-08-12,1,2
Kenneth Phelps,EMP0060,2,1,2023-06-03,1,1
Alicia Hunt,EMP0061,2,1,2020-04-03,2,2
Erika Carey,EMP0062,1,1,2021-04-10,2,1
Kathryn Beltran,EMP0063,1,1,2021-10-09,1,2
Megan Barton,EMP0064,2,1,2024-03-29,2,2
Michael Landry,EMP0065,2,2,2021-10-14,1,1
David Day,EMP0066,1,1,2022-05-21,2,1
Catherine Richardson,EMP0067,1,2,2020-10-09,1,1
Brandon Cantu,EMP0068,1,1,2023-11-13,2,1
Emily Young,EMP0069,2,1,2021-12-29,2,1
James Chapman,EMP0070,1,1,2023-03-13,1,2
Christopher Turner,EMP0071,1,2,2022-05-15,1,1
Jacob Long,EMP0072,1,1,2024-07-08,1,2
Paul Castro,EMP0073,1,2,2022-06-04,1,1
Melissa Smith,EMP0074,2,2,2022-04-11,2,1
Brandon Stewart,EMP0075,2,1,2021-05-18,1,2
Keith Williams,EMP0076,1,2,2020-02-18,1,2
Debbie Reed,EMP0077,1,2,2022-06-21,2,2
Charles Hughes,EMP0078,1,2,2023-01-06,2,1
Cory Brooks,EMP0079,1,1,2023-06-19,1,1
Mary Terry,EMP0080,1,2,2021-05-27,2,1
Jessica Murray,EMP0081,1,1,2023-10-31,2,1
Sheena Davidson,EMP0082,1,1,2021-01-09,2,2
Troy Lewis,EMP0083,2,1,2021-08-07,2,1
Anthony Gomez,EMP0084,1,2,2023-01-10,1,1
Christina Williams,EMP0085,1,2,2023-06-30,1,1
Deborah Diaz,EMP0086,2,1,2021-01-08,1,1
Mrs. Sharon Bradshaw,EMP0087,2,1,2021-06-13,2,1
Robert Ward,EMP0088,1,1,2022-02-10,1,1
Rodney Horton,EMP0089,2,2,2022-10-31,2,1
Juan Reid,EMP0090,2,2,2020-06-25,1,2
Craig Friedman,EMP0091,2,2,2020-08-14,2,1
Jeffrey Pena,EMP0092,1,2,2023-04-22,1,1
Hannah Vasquez,EMP0093,2,2,2021-07-14,2,1
James Edwards,EMP0094,2,2,2022-02-15,1,1
Jennifer Wilson,EMP0095,2,1,2020-07-25,1,2
Kaitlyn Snyder,EMP0096,1,1,2022-11-26,1,1
Amy Wright,EMP0097,2,2,2024-06-24,2,2
Mark Harris,EMP0098,2,2,2021-11-16,2,1
Darlene Cruz,EMP0099,2,2,2021-06-12,1,1
Rachael Williams,EMP0100,1,2,2022-08-18,2,1
Robert Cowan,EMP0101,1,1,2020-05-05,1,1
Cindy Hogan,EMP0102,1,1,2021-09-16,2,1
Kevin Fletcher,EMP0103,1,1,2019-11-26,1,1
Miss Tamara Walker,EMP0104,2,2,2020-06-20,2,2
Robert Diaz,EMP0105,1,2,2021-01-27,1,2
Deborah Anderson,EMP0106,1,1,2023-06-20,2,2
Erin Horton,EMP0107,1,2,2024-01-29,2,2
Keith Burton,EMP0108,2,1,2022-03-25,2,2
Nicole Cook,EMP0109,1,2,2022-01-15,1,2
Jeffery Calderon,EMP0110,1,1,2019-12-09,1,1
Kristy Wilkins,EMP0111,1,1,2022-01-11,2,1
John Kline,EMP0112,1,2,2024-07-11,2,1
Janice Weber PhD,EMP0113,1,2,2024-03-01,2,1
Kelly Garcia,EMP0114,1,1,2024-04-24,1,1
John Gomez,EMP0115,1,1,2021-01-10,2,1
Mrs. Kathy Taylor,EMP0116,2,1,2020-02-27,2,1
Marie Morgan,EMP0117,2,1,2020-10-28,1,2
Andrea Foster,EMP0118,2,1,2020-06-26,1,1
Matthew Frost,EMP0119,2,1,2020-12-23,2,2
Thomas Singh,EMP0120,2,2,2020-07-07,2,1
Veronica Baker,EMP0121,2,1,2022-05-23,1,1
Leslie Graham,EMP0122,2,1,2021-05-18,2,1
Deborah Watts,EMP0123,2,2,2020-09-25,1,2
Kenneth Morrison,EMP0124,2,2,2022-07-05,2,2
Dennis Bright,EMP0125,2,1,2020-05-06,1,2
Elaine Lynn,EMP0126,1,2,2023-06-01,1,2
Dana Banks,EMP0127,1,2,2020-12-16,1,2
Douglas Snyder,EMP0128,1,2,2021-09-07,2,1
Heidi Odom,EMP0129,2,1,2020-11-12,2,1
Chelsea Decker,EMP0130,2,1,2024-07-07,2,2
Cathy Terry,EMP0131,1,1,2024-08-05,1,2
Steven Baldwin,EMP0132,1,2,2021-04-21,2,2
Ricky Moore,EMP0133,2,2,2023-03-25,2,2
Daniel Cobb,EMP0134,1,1,2020-01-25,1,1
Brian Wells,EMP0135,1,1,2022-05-31,1,2
Connie Patel,EMP0136,1,1,2021-04-24,1,2
John Schneider,EMP0137,1,2,2024-01-17,2,1
Jennifer Callahan,EMP0138,1,1,2021-10-16,2,1
Steve Curtis,EMP0139,2,2,2020-06-21,1,2
David Hoffman,EMP0140,2,2,2023-08-16,2,2
Tiffany Barnes,EMP0141,1,2,2019-11-25,2,2
Lindsey Gibson,EMP0142,1,2,2022-07-02,1,2
Michael Smith,EMP0143,1,1,2020-09-12,1,2
Anthony Brown,EMP0144,2,1,2024-08-20,2,1
Cheryl Mason,EMP0145,2,1,2023-03-13,2,1
Cynthia Page,EMP0146,1,2,2023-06-23,2,2
Deborah Ellis DDS,EMP0147,1,2,2021-07-02,2,1
Raymond Vaughan,EMP0148,2,1,2023-03-25,2,1
Joshua Duarte,EMP0149,1,2,2023-01-02,2,2
Michelle Pearson,EMP0150,1,2,2024-01-20,2,1
Geoffrey Banks,EMP0151,1,2,2024-02-13,1,1
Elizabeth Baker,EMP0152,1,1,2019-12-06,2,1
Heidi Williams,EMP0153,2,1,2022-03-05,1,2
Haley Adams,EMP0154,1,1,2022-07-09,2,2
Megan Mclaughlin,EMP0155,1,1,2024-08-05,2,2
Suzanne Berger,EMP0156,1,2,2021-03-14,2,1
Steven Acevedo,EMP0157,2,2,2023-03-05,2,2
Robert Chang,EMP0158,1,1,2024-05-05,1,2
Brent Walters,EMP0159,2,1,2023-11-10,1,1
Julia Schwartz,EMP0160,2,1,2022-03-04,2,2
Frederick Ayers,EMP0161,1,2,2020-06-12,2,2
Wendy Spears,EMP0162,1,1,2022-01-03,2,2
Tina Hull,EMP0163,2,2,2020-10-04,2,2
Eric Ryan,EMP0164,1,1,2022-01-05,2,2
Katrina Ward,EMP0165,2,2,2024-01-30,2,1
Ruth Scott,EMP0166,2,2,2020-05-17,2,1
Timothy Anderson,EMP0167,1,2,2023-07-22,1,1
Charles Murphy,EMP0168,1,2,2021-07-07,1,1
Andrew Smith,EMP0169,2,2,2022-10-24,2,1
Maria Bates,EMP0170,2,2,2024-02-04,2,2
Juan Walter PhD,EMP0171,2,1,2023-05-25,2,2
Julie Foley,EMP0172,2,1,2022-05-22,1,1
Martha Hall,EMP0173,1,1,2023-09-20,1,2
Vicki Miller,EMP0174,1,1,2022-12-02,1,2
Mandy Carter,EMP0175,1,2,2024-09-29,1,2
Kimberly Franco,EMP0176,1,2,2020-10-07,1,1
Sheila Turner,EMP0177,1,2,2022-04-04,2,1
Richard Williams,EMP0178,1,2,2023-12-24,2,1
Michael Butler,EMP0179,2,1,2022-09-18,2,2
Matthew Owens,EMP0180,2,2,2024-04-04,1,1
Karen Miller,EMP0181,2,1,2021-12-30,1,1
Linda Johnson,EMP0182,1,1,2024-05-01,2,2
Emily Morales,EMP0183,2,2,2020-12-23,1,1
Amy Sanders,EMP0184,1,2,2020-11-01,1,1
Shannon Nielsen,EMP0185,2,1,2023-08-05,2,1
Olivia Robinson,EMP0186,1,2,2020-12-05,2,1
Linda Sanders,EMP0187,1,1,2023-07-14,2,1
Daniel Nguyen,EMP0188,2,1,2021-06-23,1,2
John Bates,EMP0189,2,1,2021-06-08,1,1
Pamela Fuller,EMP0190,2,1,2023-09-29,1,2
Jordan Martinez,EMP0191,1,2,2022-05-14,2,2
Chad Coleman,EMP0192,1,2,2024-09-06,2,1
Joseph Massey,EMP0193,2,1,2023-06-13,2,1
David Bond,EMP0194,1,1,2024-08-29,1,1
Jamie Hurst DDS,EMP0195,1,1,2019-12-29,1,1
Pedro King,EMP0196,1,2,2019-12-17,2,1
Victoria Compton,EMP0197,2,1,2023-08-28,2,1
William Scott,EMP0198,2,2,2022-08-17,1,2
Shawn Neal,EMP0199,2,2,2022-07-31,1,2
Shannon Garcia,EMP0200,1,2,2021-05-18,1,2
Matthew Clarke,EMP0201,1,1,2022-02-19,2,1
Bryan Novak,EMP0202,2,1,2021-04-12,1,2
Tara Vazquez,EMP0203,1,1,2021-10-26,2,1
Emily Bush,EMP0204,1,2,2022-09-16,1,2
Steven Henry,EMP0205,2,2,2024-10-07,1,2
Shelby Snyder,EMP0206,2,1,2023-04-14,2,2
Jessica Hays,EMP0207,2,1,2022-11-04,1,1
Joshua Christensen,EMP0208,1,1,2023-09-21,2,2
Bonnie Hanson,EMP0209,2,1,2020-07-19,1,2
Jennifer Barnes,EMP0210,2,2,2023-08-11,2,2
Elizabeth Gill,EMP0211,2,2,2020-09-21,1,1
Cody Yang,EMP0212,2,1,2023-03-28,1,1
Rita Diaz,EMP0213,2,1,2019-11-04,2,1
Christopher Walker,EMP0214,2,1,2022-05-28,1,2
Eric Stevens,EMP0215,1,1,2021-07-30,1,2
Angelica Williams,EMP0216,2,2,2022-05-12,2,2
Pam Burns,EMP0217,1,1,2024-05-01,2,2
Samantha Wood,EMP0218,2,1,2022-10-15,1,1
Ashlee Dunn,EMP0219,1,2,2021-11-22,2,1
Jennifer Smith,EMP0220,1,1,2020-06-26,2,1
Cynthia West,EMP0221,2,1,2024-02-14,2,1
Anthony Schroeder,EMP0222,2,2,2021-12-27,2,2
Elizabeth Shaffer,EMP0223,1,2,2019-11-09,1,2
Heather Williams,EMP0224,2,2,2024-04-07,1,1
Robert Vang,EMP0225,2,2,2020-04-04,2,2
Mason West,EMP0226,1,2,2023-08-04,2,1
Megan Ramirez,EMP0227,1,1,2022-01-04,1,1
Courtney Reid,EMP0228,1,2,2021-09-29,1,1
Michael Wagner,EMP0229,2,2,2020-08-16,1,1
Jessica Mathews,EMP0230,2,2,2023-02-22,1,2
Craig Rodriguez,EMP0231,1,1,2024-08-25,2,1
John Frey,EMP0232,1,1,2020-01-12,1,1
Nathan Kelly,EMP0233,2,2,2022-06-06,2,2
John Brooks,EMP0234,2,1,2023-04-04,1,2
Adam Hess,EMP0235,2,2,2024-02-15,2,2
Sharon Thomas,EMP0236,1,2,2023-11-07,1,2
Mark Lam,EMP0237,1,2,2023-06-13,1,1
Kimberly Martinez,EMP0238,1,2,2021-04-14,1,1
Zachary Jenkins,EMP0239,1,2,2023-09-07,2,2
Shane Ramirez,EMP0240,1,2,2021-01-26,1,2
Stephen Anderson,EMP0241,1,1,2023-03-19,1,1
Charles May,EMP0242,2,2,2020-07-17,1,2
Yvonne Kirk,EMP0243,1,2,2020-02-03,2,1
Ms. Jennifer Holder,EMP0244,1,2,2023-01-22,1,1
George Anderson,EMP0245,2,1,2023-09-30,1,1
Ms. Virginia Harrison,EMP0246,2,1,2023-03-10,2,2
Lisa Mitchell,EMP0247,1,2,2022-03-17,1,2
Elizabeth Mann,EMP0248,2,1,2021-02-07,1,2
Sarah Bell,EMP0249,2,2,2023-11-23,1,1
Cesar Russell,EMP0250,2,2,2023-09-12,2,1
Lauren Johnson,EMP0251,1,2,2024-10-11,2,2
Jose Erickson,EMP0252,2,2,2020-03-23,2,1
Benjamin Gonzalez,EMP0253,2,1,2023-07-01,2,2
Debra Jenkins,EMP0254,1,1,2022-02-24,2,2
Jennifer Davis,EMP0255,1,1,2019-12-24,2,1
Vincent May,EMP0256,2,2,2021-12-25,2,2
Alicia Morgan,EMP0257,1,2,2022-11-21,2,1
Philip Gordon,EMP0258,2,2,2022-09-23,1,2
Mark Wilkinson,EMP0259,1,2,2020-03-02,1,2
Karen Davis,EMP0260,1,2,2021-05-18,2,1
Susan Nguyen,EMP0261,1,1,2023-03-09,1,1
Tyler Carson,EMP0262,1,2,2022-04-12,2,2
Monique Simmons,EMP0263,2,1,2022-11-28,1,1
Joseph Moore,EMP0264,1,1,2024-06-10,2,1
Brittany Mcdaniel,EMP0265,2,1,2023-07-21,1,1
Kara Frye,EMP0266,1,2,2022-08-03,1,1
April Miller,EMP0267,2,2,2024-07-17,1,2
Robert Schmitt,EMP0268,1,2,2020-12-28,1,1
Tiffany Clayton,EMP0269,2,2,2020-11-19,2,2
Mr. Michael Jones,EMP0270,2,2,2024-01-03,2,2
Joyce Cannon,EMP0271,2,1,2024-09-01,1,2
Megan Perez,EMP0272,2,2,2022-11-14,2,1
Frank Guzman,EMP0273,2,2,2023-11-05,2,2
Michelle Holmes,EMP0274,1,1,2022-09-04,2,2
Marcus Sampson,EMP0275,2,1,2023-01-19,1,2
Brian Davis,EMP0276,1,2,2024-04-27,2,1
Gabriel Callahan,EMP0277,1,2,2024-03-01,1,2
Andrew Wilson,EMP0278,1,2,2022-07-20,2,1
Tracy Rivera,EMP0279,1,2,2022-07-03,1,1
Wendy Gibson,EMP0280,1,1,2024-08-26,1,2
Samuel Nguyen,EMP0281,2,2,2022-08-11,2,1
Devin Quinn,EMP0282,1,2,2021-11-09,1,1
Ashley Howell,EMP0283,2,2,2021-08-20,1,1
Lori Vazquez,EMP0284,1,1,2021-08-10,2,1
Diane Lewis DDS,EMP0285,2,1,2024-09-21,2,2
Timothy Jackson,EMP0286,1,2,2021-11-10,1,1
Alyssa Moore,EMP0287,1,2,2023-01-07,1,2
Christopher Morris,EMP0288,1,2,2020-06-29,2,2
Andrew Johnson,EMP0289,2,2,2022-09-06,2,2
Daniel Kramer,EMP0290,2,1,2020-08-19,2,1
Sarah Wilson,EMP0291,2,2,2021-10-22,1,1
Louis Mason,EMP0292,1,2,2020-09-08,2,2
Jeffrey Kirk,EMP0293,1,1,2022-06-15,1,1
Krystal Jones,EMP0294,1,2,2019-12-28,2,2
Robert Brown,EMP0295,2,1,2023-11-25,2,2
Yolanda Hudson,EMP0296,1,1,2024-09-17,2,1
Michelle Reyes,EMP0297,1,2,2023-10-28,2,1
Richard Miller,EMP0298,1,2,2023-03-15,1,2
Kimberly Lam,EMP0299,2,1,2023-03-20,2,1
Samantha Ortega,EMP0300,2,1,2022-12-26,2,1
Jennifer Holland,EMP0301,2,2,2021-08-13,1,1
James Morrow,EMP0302,1,1,2022-12-15,2,1
Molly Carroll,EMP0303,2,1,2022-07-15,1,1
Dana Ellis,EMP0304,2,2,2022-10-06,2,1
Raymond Jensen,EMP0305,2,2,2022-11-14,2,2
Barry Leblanc,EMP0306,1,1,2021-08-11,2,1
Brendan Moody,EMP0307,2,2,2023-06-22,2,2
Stephanie Mitchell,EMP0308,2,2,2021-04-22,2,2
Steve Ramsey,EMP0309,1,2,2023-07-16,2,2
Becky Kelley,EMP0310,2,2,2020-05-20,1,1
Scott Owens,EMP0311,1,1,2022-05-07,2,1
Dawn Collins,EMP0312,1,2,2019-11-13,2,2
Brandon Adams,EMP0313,2,1,2020-09-24,2,1
Tina Robinson,EMP0314,1,2,2021-01-07,1,2
Melissa Howell,EMP0315,2,1,2022-06-26,1,1
Jenna Dixon,EMP0316,2,1,2021-04-19,2,2
Abigail Bass,EMP0317,1,1,2024-09-02,1,1
Rebecca Nelson,EMP0318,1,2,2024-09-09,2,2
Amy Olson,EMP0319,1,2,2020-09-06,1,2
Cassandra Taylor,EMP0320,2,2,2024-08-09,1,2
Regina George,EMP0321,2,2,2023-05-08,1,2
Robin Fisher,EMP0322,2,1,2023-03-10,2,1
Shelley Morgan,EMP0323,2,2,2023-01-16,1,2
Lindsey Bryan,EMP0324,1,1,2023-02-06,2,2
Brandy Pugh,EMP0325,2,2,2020-05-10,1,1
Margaret Ortiz,EMP0326,1,2,2023-05-23,2,1
Eugene Young,EMP0327,2,1,2023-03-31,2,1
Keith King,EMP0328,1,1,2023-05-28,2,2
Renee Brown,EMP0329,2,1,2021-03-25,1,2
David Harris,EMP0330,2,2,2021-10-24,2,2
Christopher Graves,EMP0331,1,1,2024-10-05,2,1
Jason Murray,EMP0332,1,2,2023-03-03,1,2
David Garcia DVM,EMP0333,2,1,2022-04-16,2,1
Marissa Evans,EMP0334,2,1,2022-03-18,2,2
Karen Patrick,EMP0335,1,2,2024-04-10,2,2
Brianna Johnson,EMP0336,1,1,2021-06-28,1,1
Richard Jordan,EMP0337,2,1,2024-02-05,2,2
Michael Stokes,EMP0338,2,2,2020-10-11,1,2
Jason Williams,EMP0339,2,1,2023-10-28,1,1
Timothy Smith,EMP0340,2,2,2021-07-23,1,2
Andrew Hicks,EMP0341,2,2,2024-02-09,1,2
Mary Clark,EMP0342,2,1,2021-12-07,1,2
Stephen Navarro,EMP0343,2,1,2023-07-28,1,1
Marc Ortiz Jr.,EMP0344,2,1,2020-03-20,2,2
Shawn Brown,EMP0345,2,2,2023-08-30,1,2
Terry Lucero,EMP0346,1,1,2023-09-19,1,2
Katherine Ramsey,EMP0347,1,2,2022-02-13,1,2
Meghan Parker,EMP0348,2,2,2019-12-12,2,2
Aaron Dunlap,EMP0349,2,2,2023-07-14,1,2
Robert West,EMP0350,1,1,2021-10-10,1,2
Kayla Bowman,EMP0351,2,1,2020-02-19,1,2
Cheryl Lara,EMP0352,1,1,2020-08-27,1,1
Scott Hughes,EMP0353,1,2,2020-10-04,2,1
Elizabeth Perez,EMP0354,1,1,2024-01-25,1,2
Kristopher Taylor,EMP0355,1,2,2023-01-28,2,2
Dr. Gail Nguyen,EMP0356,2,1,2022-12-13,1,2
Joseph Owen,EMP0357,2,1,2021-10-09,1,1
Marissa Brown,EMP0358,2,2,2023-06-05,1,1
Kenneth Woods,EMP0359,1,2,2020-06-20,1,2
Nicholas Watson,EMP0360,2,2,2022-10-31,1,2
Christopher Navarro,EMP0361,1,1,2024-03-26,1,2
Maria Hamilton,EMP0362,2,1,2022-01-14,1,2
Lisa Morales,EMP0363,2,2,2022-03-04,2,2
Jennifer Calhoun,EMP0364,2,1,2022-09-21,1,2
Christopher Cummings,EMP0365,1,1,2024-02-10,2,1
Donald Long,EMP0366,1,2,2021-05-12,2,1
John Butler,EMP0367,2,2,2022-03-26,2,1
Anna Hall,EMP0368,1,2,2021-01-17,2,2
Daniel Barron,EMP0369,2,1,2022-01-19,1,2
Timothy Howard,EMP0370,2,2,2023-10-09,2,2
David Jackson,EMP0371,1,2,2024-05-07,2,1
Kelly Thomas,EMP0372,2,1,2023-09-08,2,1
Katelyn Mendoza,EMP0373,1,1,2023-08-29,2,2
Amy Snyder,EMP0374,2,2,2019-11-03,2,1
Kathleen Martinez,EMP0375,1,1,2021-06-15,1,2
Timothy Watson,EMP0376,2,2,2020-12-04,1,2
Krystal Steele,EMP0377,1,1,2022-10-03,1,1
Elizabeth Mendoza,EMP0378,2,1,2023-01-17,1,2
Aimee Lee,EMP0379,2,1,2020-03-05,2,1
Mr. Jonathan Meadows,EMP0380,2,1,2023-06-12,1,1
Isaiah Wiley,EMP0381,1,2,2020-12-08,1,1
Christopher Adams,EMP0382,1,2,2019-11-06,2,1
Susan Brown,EMP0383,2,1,2020-07-22,2,1
Leslie Bullock,EMP0384,2,1,2021-02-07,2,2
Alan Dickerson,EMP0385,1,1,2020-09-24,1,2
Samantha Edwards,EMP0386,1,1,2020-02-05,2,1
Kaylee Morrow,EMP0387,1,1,2020-04-15,2,1
Brian Ballard,EMP0388,2,2,2022-09-27,1,2
Richard Webster,EMP0389,1,1,2024-05-28,1,2
Kerry Graves,EMP0390,2,2,2022-01-29,1,1
Eric Ellison,EMP0391,2,2,2021-12-17,1,2
Mark Garcia,EMP0392,2,1,2024-04-03,2,1
Gregory Case,EMP0393,2,2,2022-02-15,1,2
Alyssa Edwards,EMP0394,2,2,2023-01-09,2,1
Tara Saunders,EMP0395,2,1,2021-04-30,1,1
Patricia Harris,EMP0396,2,1,2024-06-19,1,1
Juan Nelson,EMP0397,1,2,2022-02-20,2,1
Allison Figueroa,EMP0398,1,2,2020-07-28,1,2
Charles Bennett,EMP0399,2,2,2022-01-13,2,1
Gregory Wagner,EMP0400,2,1,2024-04-11,1,2
Evan Burns,EMP0401,2,2,2022-08-28,1,1
Karen Pope,EMP0402,2,1,2022-10-11,2,2
Hailey Chavez,EMP0403,2,2,2021-09-08,1,1
Matthew Sanchez,EMP0404,2,2,2021-03-01,1,1
Barbara Black,EMP0405,1,2,2022-07-04,1,1
Rebecca Simpson,EMP0406,2,2,2020-01-24,1,1
Chad Perry,EMP0407,2,2,2024-09-08,1,2
James Aguirre,EMP0408,2,1,2020-04-13,1,2
Jessica Lee,EMP0409,1,1,2024-03-18,1,2
Jaclyn Johnson,EMP0410,2,2,2024-02-04,1,2
Allen Weiss,EMP0411,1,2,2021-07-01,2,1
Gregory Martin,EMP0412,2,1,2020-02-22,2,2
Tracey Scott,EMP0413,1,1,2020-06-26,1,1
Juan Gallagher,EMP0414,2,1,2021-06-22,1,1
Nicole Wilkinson,EMP0415,1,2,2020-11-16,1,1
Amy Allen,EMP0416,2,2,2021-04-26,1,1
Jennifer Valentine,EMP0417,1,1,2023-07-04,1,1
Christopher Walters,EMP0418,2,2,2020-02-07,1,2
Cameron Thompson,EMP0419,1,2,2022-06-15,2,1
Joshua Gardner,EMP0420,2,1,2022-09-27,2,2
Nicole Mason MD,EMP0421,2,1,2022-01-13,2,2
Edward Jimenez,EMP0422,1,1,2021-09-18,1,2
Jennifer Hunter,EMP0423,1,1,2019-11-17,2,1
Philip Martinez,EMP0424,1,1,2024-06-08,1,1
Charles Williams,EMP0425,1,2,2022-08-30,1,1
Christopher Gross,EMP0426,2,1,2024-01-02,2,1
Charles Clark Jr.,EMP0427,1,1,2020-02-03,2,2
Patrick Reynolds,EMP0428,1,1,2023-03-22,1,1
Mary Scott,EMP0429,2,2,2022-06-03,1,2
Joshua Bond,EMP0430,1,1,2020-02-29,1,1
Amanda Henson,EMP0431,2,1,2020-02-22,1,2
Ian Martinez,EMP0432,2,1,2022-01-08,2,2
Kevin Mcdowell,EMP0433,2,1,2022-01-13,1,1
Yesenia Mendoza,EMP0434,2,1,2024-08-15,2,1
Angela Arnold,EMP0435,1,1,2021-12-03,1,1
Renee Henderson,EMP0436,1,1,2022-06-26,1,1
Shawn Shelton,EMP0437,2,2,2024-07-09,2,1
Lori White,EMP0438,2,1,2022-12-16,2,2
Robert Gray,EMP0439,2,1,2023-05-21,1,1
Deborah Washington,EMP0440,2,1,2021-08-24,2,2
Austin Wagner,EMP0441,2,2,2022-10-13,2,2
Catherine Woods,EMP0442,2,2,2021-10-31,1,1
Cassidy Higgins,EMP0443,2,1,2020-05-25,1,2
Bruce Esparza,EMP0444,2,2,2024-07-27,1,2
Kelly Hutchinson,EMP0445,1,2,2021-11-30,1,1
Kevin Blake,EMP0446,1,1,2020-11-28,1,2
Christina Best,EMP0447,1,1,2023-10-23,2,1
Karen Marshall,EMP0448,2,1,2024-03-02,2,1
Katie Thomas,EMP0449,2,1,2020-07-02,2,2
Christopher King,EMP0450,1,2,2020-03-26,2,2
Carol Wagner,EMP0451,2,2,2024-06-05,2,2
Carla Turner,EMP0452,2,1,2023-12-19,2,2
Valerie Castillo,EMP0453,2,1,2023-09-11,2,2
Ashley Hall,EMP0454,1,1,2021-03-07,2,2
Jennifer Sanchez,EMP0455,1,1,2020-07-24,1,2
Maria Shelton,EMP0456,2,1,2022-09-07,1,1
David Weber,EMP0457,1,1,2020-12-06,1,2
Benjamin Dawson,EMP0458,1,2,2022-12-09,1,2
Alexa Wilkinson,EMP0459,1,1,2020-05-25,1,2
James Freeman,EMP0460,1,2,2022-12-19,2,1
Sarah Peterson,EMP0461,2,2,2022-02-02,1,1
Crystal Oliver,EMP0462,2,2,2022-03-20,1,1
Natalie Howell,EMP0463,1,2,2022-11-16,1,1
Jill Smith,EMP0464,2,1,2023-12-10,1,2
Heather Santiago,EMP0465,1,2,2022-03-26,2,2
Cameron Bailey,EMP0466,1,1,2021-06-10,1,1
Eric Williams,EMP0467,1,2,2023-05-01,2,2
Jose Smith,EMP0468,1,1,2023-11-21,1,1
Edwin Clark,EMP0469,2,1,2020-02-25,1,2
Jessica Wilcox,EMP0470,1,2,2022-06-03,1,2
Luis Snyder,EMP0471,2,2,2023-11-26,1,1
Emma Wolfe,EMP0472,2,2,2022-02-05,1,1
Melissa Howard,EMP0473,1,2,2022-06-22,2,1
Kevin Ibarra,EMP0474,2,1,2023-11-14,2,2
Dr. Joseph Coleman,EMP0475,2,1,2021-08-08,1,2
Alicia Harmon,EMP0476,1,1,2019-12-13,2,2
Nicholas Harris,EMP0477,1,2,2022-11-19,2,1
Kerry Miller,EMP0478,1,1,2021-09-17,1,2
Kelsey Duncan,EMP0479,2,2,2021-01-07,1,1
Christopher Villanueva,EMP0480,2,2,2024-04-23,1,2
Robert Moss PhD,EMP0481,2,2,2022-01-09,1,1
Pamela Sawyer,EMP0482,2,1,2020-02-29,2,1
Mary Wagner,EMP0483,1,1,2023-05-27,2,1
Sandra Walls,EMP0484,1,1,2019-11-01,2,1
William Williams,EMP0485,1,1,2023-10-07,2,1
Michael Webb,EMP0486,1,1,2023-04-09,2,2
Michelle Ayala,EMP0487,1,1,2024-05-27,2,2
Philip Schultz,EMP0488,1,2,2021-03-28,2,1
Mrs. Tonya Chan,EMP0489,2,1,2021-11-30,2,2
Michael Barber,EMP0490,2,2,2021-05-14,1,2
Gabriel Carter,EMP0491,2,1,2024-06-21,2,2
Melanie Benjamin DVM,EMP0492,2,1,2022-04-01,1,2
Kevin Stein,EMP0493,2,2,2024-02-06,1,1
Charles Bennett,EMP0494,2,1,2024-04-13,1,2
Amanda Best,EMP0495,2,1,2024-02-14,2,1
Jennifer Beltran,EMP0496,2,1,2020-02-01,2,1
Michael Holland,EMP0497,1,2,2021-08-16,2,1
Lacey Larsen,EMP0498,2,2,2022-09-29,2,2
Joshua Woods,EMP0499,1,2,2020-02-18,2,1
Jennifer Booth,EMP0500,2,1,2023-04-24,2,1
Ryan Rodriguez,EMP0501,1,2,2022-03-27,2,2
Nathan Cooper,EMP0502,1,2,2023-10-06,1,2
Jeffery Arnold,EMP0503,1,1,2022-11-06,1,2
Martin Bullock,EMP0504,2,1,2023-05-08,1,2
Alice Price,EMP0505,1,2,2022-11-08,2,1
Kelly Hill,EMP0506,1,1,2021-04-04,1,1
Melanie Ryan,EMP0507,2,1,2024-07-11,2,1
Cindy Barrett,EMP0508,1,1,2022-03-05,2,1
Nicholas Hess,EMP0509,1,2,2020-03-27,1,2
Julie Mccullough,EMP0510,2,1,2020-07-20,2,1
Frederick Fuller,EMP0511,2,1,2020-11-21,1,2
April Rogers,EMP0512,2,1,2024-08-17,2,1
Christian Baker,EMP0513,1,2,2022-11-04,2,2
Rebecca Ryan,EMP0514,2,2,2021-03-13,1,1
Kevin Smith,EMP0515,1,2,2021-12-21,2,2
Stacy Mann,EMP0516,1,1,2023-12-07,1,1
Molly Smith,EMP0517,1,2,2020-08-23,2,1
Alexander Adams,EMP0518,1,1,2021-04-24,2,1
Jennifer Williams,EMP0519,1,2,2022-03-17,2,1
Donald Ware,EMP0520,2,2,2024-07-30,2,1
Betty Hess,EMP0521,2,2,2023-07-10,2,2
Denise Gross,EMP0522,1,1,2023-04-17,1,2
James Mendoza,EMP0523,2,2,2019-12-28,1,1
Stacey Bailey,EMP0524,1,2,2020-02-08,1,1
Anthony Austin,EMP0525,1,2,2020-08-30,2,2
Leslie Mullins,EMP0526,2,1,2020-08-06,2,2
Judy Powell,EMP0527,1,1,2023-08-25,1,1
Alyssa Gonzalez,EMP0528,1,2,2021-11-26,1,1
Jaime Johnson,EMP0529,1,1,2023-06-04,2,1
Christopher Dean,EMP0530,2,1,2021-03-08,1,2
Lauren Brown DDS,EMP0531,1,1,2024-04-25,1,1
Jesus Rodriguez,EMP0532,2,2,2022-04-27,2,2
Brenda Smith,EMP0533,2,1,2021-04-26,1,2
Brittany Johnston,EMP0534,1,1,2020-11-18,2,2
Gregory Levine,EMP0535,1,2,2024-05-01,1,1
Brianna Holden,EMP0536,2,2,2024-05-24,1,1
Amy Doyle DVM,EMP0537,2,2,2024-03-06,1,2
Andrew Gonzalez,EMP0538,2,1,2021-11-17,1,2
James Sanchez,EMP0539,1,2,2024-04-03,2,1
Samantha Tran,EMP0540,2,2,2023-04-18,2,2
Evan Rocha,EMP0541,2,1,2020-06-09,1,1
Kathryn Alvarez,EMP0542,1,1,2024-06-21,1,1
Daniel Garcia,EMP0543,1,2,2021-02-15,2,1
Richard Nichols,EMP0544,1,2,2024-03-31,2,1
Andrea Jenkins,EMP0545,2,2,2023-08-16,1,2
Jimmy Erickson MD,EMP0546,2,1,2022-04-23,1,1
Yolanda Stone,EMP0547,2,1,2024-07-18,1,1
Joshua Nguyen,EMP0548,2,1,2020-05-29,2,2
Alejandro Castaneda,EMP0549,2,1,2024-08-29,2,1
Darlene Carrillo,EMP0550,1,2,2022-02-17,2,1
Amber Jimenez,EMP0551,2,2,2020-08-21,1,1
Lisa Hines,EMP0552,2,1,2021-10-14,2,1
Tyler Boyd,EMP0553,1,1,2023-07-12,1,1
Scott Stevens,EMP0554,1,2,2023-06-17,2,1
Chelsea Lucero,EMP0555,2,2,2024-06-15,2,1
Benjamin Welch,EMP0556,1,2,2022-10-22,2,1
Daniel Baker,EMP0557,2,2,2022-04-06,1,2
Teresa Allen,EMP0558,2,1,2021-12-29,1,2
Katherine Bailey,EMP0559,1,1,2024-01-07,1,2
Michael Harrison,EMP0560,2,1,2024-01-05,1,2
Colton Garcia,EMP0561,2,1,2020-11-11,1,2
Austin Charles,EMP0562,2,1,2021-04-24,1,2
Michael Mitchell,EMP0563,1,1,2022-02-19,2,2
Jason Jimenez,EMP0564,2,1,2023-03-11,2,1
Gregory Torres,EMP0565,1,2,2022-04-06,1,2
Rebekah Mercado,EMP0566,2,1,2019-10-26,2,2
Brian Fuller,EMP0567,1,1,2021-10-26,2,2
Patrick Shannon,EMP0568,2,1,2022-10-28,2,1
Erin Ward,EMP0569,2,1,2023-06-08,1,2
Marie George,EMP0570,1,1,2020-10-28,1,2
Casey Jones,EMP0571,2,2,2022-05-31,2,1
Isaac Casey,EMP0572,1,1,2020-04-26,2,1
Dakota Lopez,EMP0573,1,2,2021-11-02,1,1
Lindsey Vang,EMP0574,1,1,2022-02-08,2,1
Kristina Valentine,EMP0575,1,2,2020-11-18,2,1
Diane Barton,EMP0576,1,1,2024-07-31,1,2
Juan Bernard,EMP0577,2,2,2023-04-25,2,2
Michelle Robinson,EMP0578,1,1,2022-05-19,2,2
Darlene Henderson,EMP0579,1,1,2022-10-24,2,2
Jonathan Hunt,EMP0580,2,1,2019-11-11,2,1
Ashley Castro,EMP0581,1,1,2023-10-11,2,1
David Myers,EMP0582,2,1,2021-10-02,2,2
Tiffany Beard,EMP0583,2,1,2020-11-23,2,2
Mary Lopez,EMP0584,1,1,2024-08-28,1,2
Christina Love,EMP0585,2,1,2024-10-10,1,1
Andrew Rodriguez,EMP0586,2,1,2021-05-20,2,2
Pamela Martinez,EMP0587,1,2,2020-09-05,1,1
Christopher Burnett,EMP0588,2,2,2020-03-31,1,1
Christopher Russell,EMP0589,2,1,2022-03-15,1,1
Jessica Brewer,EMP0590,1,2,2023-07-29,1,1
Patrick Russell,EMP0591,2,1,2024-06-08,2,1
Rachel Hughes,EMP0592,2,1,2023-11-19,1,1
Joel Walker,EMP0593,2,1,2021-11-03,1,2
Cameron Suarez,EMP0594,2,1,2021-02-24,1,2
Alejandra Gregory,EMP0595,1,1,2023-10-22,2,2
Richard Hayes,EMP0596,2,2,2021-12-06,2,1
John Harris,EMP0597,1,2,2020-10-29,1,1
Amanda Perez,EMP0598,1,2,2024-05-16,1,1
Destiny Ray,EMP0599,1,1,2022-09-01,1,1
Dawn Brown,EMP0600,2,2,2021-06-16,2,2
Derek Montgomery,EMP0601,2,1,2023-03-31,2,1
Jessica Simpson,EMP0602,2,2,2022-01-26,2,1
Rebecca Clements,EMP0603,2,1,2022-11-15,1,2
Hunter Galloway,EMP0604,2,2,2023-05-01,2,2
Tracy Chen,EMP0605,1,2,2023-10-08,2,2
Stephanie Wilson MD,EMP0606,2,1,2021-09-30,1,2
John Mayo,EMP0607,1,2,2021-01-22,2,2
Holly Gibbs,EMP0608,2,1,2022-04-10,2,2
Natalie Schmitt,EMP0609,2,2,2021-05-17,1,1
Edward Anderson,EMP0610,1,2,2021-12-12,2,1
Steven Kelly,EMP0611,1,1,2020-02-20,2,2
Cheryl Armstrong,EMP0612,2,2,2021-11-10,2,1
Brian Johnson,EMP0613,2,2,2020-04-25,2,1
Nancy Anderson,EMP0614,1,1,2021-02-25,2,2
Natalie Clements,EMP0615,1,1,2024-03-20,2,1
Lisa Garcia,EMP0616,1,2,2020-07-20,1,1
Patricia Williams,EMP0617,2,2,2023-11-09,1,2
James Nixon,EMP0618,1,1,2021-12-06,2,2
David Torres,EMP0619,1,2,2022-04-30,1,1
Kathryn Burnett,EMP0620,1,1,2020-04-06,1,1
Maria Rivera,EMP0621,2,1,2023-01-20,1,2
Kimberly Pineda,EMP0622,2,2,2023-10-07,1,1
Clayton Robinson,EMP0623,1,1,2021-09-13,2,2
Rachel Moore,EMP0624,2,1,2022-09-11,1,1
Heather Ashley,EMP0625,1,1,2020-01-19,2,1
William Brown,EMP0626,2,2,2024-08-21,1,1
Andrea Miller,EMP0627,1,1,2021-05-05,1,2
Mitchell Gonzalez,EMP0628,2,2,2023-11-27,1,1
Mary Sanchez,EMP0629,1,1,2024-08-03,1,1
Bradley Shelton,EMP0630,2,1,2023-12-21,1,2
Megan Cline,EMP0631,2,1,2020-11-27,2,2
Ethan Fuller,EMP0632,2,2,2019-12-30,1,1
Alexandria Nelson,EMP0633,2,1,2024-05-06,1,2
Curtis Brown,EMP0634,1,2,2023-01-08,2,2
Erin Burton,EMP0635,1,1,2023-02-27,2,2
Kevin Lewis,EMP0636,2,2,2023-03-11,1,2
James Gardner,EMP0637,2,1,2024-10-07,1,2
Xavier Stark,EMP0638,2,2,2020-10-20,1,1
Curtis King,EMP0639,1,1,2024-08-05,1,2
Stephanie Townsend,EMP0640,1,2,2021-08-20,1,2
Mary Osborn,EMP0641,1,1,2024-07-16,1,1
Brett Long,EMP0642,2,1,2023-10-04,2,2
Bobby Clark,EMP0643,1,1,2021-03-04,1,2
Brent Velazquez MD,EMP0644,2,1,2021-07-31,2,2
Michael Williams,EMP0645,2,1,2019-11-06,1,2
Ashley Park,EMP0646,2,2,2024-07-27,2,1
Ernest Petersen,EMP0647,1,2,2024-08-01,2,1
Sheri Moody,EMP0648,1,1,2024-05-17,2,1
Sandra Hernandez,EMP0649,1,1,2024-08-28,1,2
Mary Williams,EMP0650,2,2,2023-04-13,1,2
Jerome Jones,EMP0651,2,1,2021-11-26,1,2
Jamie Perez,EMP0652,1,1,2024-04-08,2,2
Daniel Conner,EMP0653,1,2,2023-05-05,2,2
Jeremiah Richardson,EMP0654,1,2,2021-07-11,2,1
Katie Rose,EMP0655,1,1,2020-07-26,2,1
Andrew Jennings,EMP0656,1,1,2020-12-04,1,1
Amy Gardner,EMP0657,1,2,2021-12-28,2,1
Monique Ortiz,EMP0658,2,1,2020-10-17,1,1
Angela Chavez,EMP0659,2,2,2023-01-14,2,1
Courtney Carlson,EMP0660,1,1,2023-11-10,1,1
Chad Brown Jr.,EMP0661,2,1,2024-05-14,2,1
Jacqueline Bates,EMP0662,2,2,2024-08-10,1,1
Carol Montgomery,EMP0663,2,2,2021-05-18,1,1
Emily Ellis,EMP0664,1,2,2023-11-24,2,2
Karen Wilson,EMP0665,2,2,2022-10-28,2,1
Crystal Rogers,EMP0666,1,1,2022-10-30,1,2
Andrew Young,EMP0667,2,1,2024-05-10,1,1
Angela Parker,EMP0668,1,2,2024-02-05,1,2
John Reid,EMP0669,2,2,2022-01-07,1,1
Katelyn White,EMP0670,2,2,2020-06-15,2,1
James Brooks,EMP0671,2,1,2023-02-13,1,2
Jonathan Hill,EMP0672,1,1,2021-03-09,2,1
Sydney Ferguson,EMP0673,2,2,2022-12-26,2,2
Kevin Shelton,EMP0674,2,1,2020-11-12,2,1
Scott Garcia,EMP0675,2,1,2020-10-11,2,1
Amy Young,EMP0676,2,2,2023-02-08,1,2
Miss Elizabeth Mcdonald,EMP0677,1,1,2020-11-29,2,1
Michael Roman,EMP0678,2,1,2021-01-25,2,1
Bruce Morrison,EMP0679,2,2,2021-06-15,2,2
Donna Sweeney,EMP0680,1,1,2021-03-16,2,2
Arthur Lewis,EMP0681,1,1,2023-09-13,2,1
Leah Gill,EMP0682,1,2,2023-11-24,2,1
Matthew Williamson,EMP0683,2,1,2021-11-19,1,2
Timothy Kelley,EMP0684,1,2,2020-02-04,2,1
Stephanie Brown,EMP0685,2,1,2022-03-11,2,1
Elizabeth Lane,EMP0686,1,2,2020-05-24,1,2
Mary Mueller,EMP0687,2,1,2020-04-14,2,1
Ann Owens,EMP0688,2,1,2023-03-06,2,2
Victoria Baldwin,EMP0689,2,2,2021-09-03,2,2
Sara King,EMP0690,2,1,2023-04-27,1,1
Madison Hunter,EMP0691,1,2,2019-11-22,1,1
Thomas Peterson,EMP0692,1,1,2024-09-26,2,1
Richard Roberts,EMP0693,1,1,2021-03-25,1,2
Bethany Nguyen,EMP0694,2,2,2023-10-10,2,1
James Solis,EMP0695,2,2,2023-06-01,1,2
Gina Fields,EMP0696,1,2,2021-01-14,1,2
Deborah Ayala,EMP0697,2,2,2024-07-02,1,1
Steven Gonzalez,EMP0698,1,2,2021-04-07,2,1
Matthew Bryant,EMP0699,1,1,2021-12-24,1,2
Mary Johns,EMP0700,2,2,2020-03-25,1,2
Rick Hurley,EMP0701,1,2,2019-11-18,2,2
Erica Fritz,EMP0702,2,2,2022-09-20,1,1
Roger Vargas,EMP0703,2,1,2019-12-10,1,2
Cassandra Pierce,EMP0704,2,1,2023-11-18,2,2
Rose Scott,EMP0705,2,1,2023-02-02,2,2
Joseph Deleon,EMP0706,1,1,2021-09-19,2,2
Rachel Alexander,EMP0707,2,2,2022-06-29,1,2
Matthew Santiago,EMP0708,2,2,2021-10-06,1,1
Eric Ward PhD,EMP0709,1,2,2023-10-24,1,1
Eric Ray,EMP0710,2,2,2019-12-06,2,2
Dan Ryan MD,EMP0711,1,2,2022-07-07,2,1
Samuel Ingram,EMP0712,1,1,2023-01-19,1,2
Denise Jones MD,EMP0713,2,1,2021-05-26,2,2
Jerry Cox,EMP0714,1,2,2023-04-12,2,1
Alexandria Chen,EMP0715,2,1,2019-11-23,2,1
James Anderson,EMP0716,2,2,2022-06-28,1,2
Wyatt Figueroa,EMP0717,2,2,2024-06-21,1,1
Amber Vargas,EMP0718,2,2,2023-08-25,1,2
Brian Holland,EMP0719,2,2,2021-06-06,2,2
Justin Lopez,EMP0720,2,1,2024-04-10,1,1
Felicia Morris,EMP0721,1,1,2024-04-02,2,2
Mr. Thomas Johnson,EMP0722,1,2,2024-07-02,1,1
Marc Rodriguez,EMP0723,2,1,2021-12-23,1,2
Janet Jennings,EMP0724,1,1,2022-10-15,1,2
Nicole Nichols,EMP0725,2,2,2022-02-05,2,1
David Bradley,EMP0726,1,2,2021-03-13,1,2
Matthew Marshall,EMP0727,2,1,2024-02-13,1,1
Miranda Wiley,EMP0728,1,2,2020-02-29,1,1
Justin Cummings,EMP0729,2,1,2023-11-26,1,1
Shawn Browning,EMP0730,2,1,2024-08-22,2,2
Michael Baker,EMP0731,2,1,2022-11-14,1,2
Andrew Cook,EMP0732,1,1,2024-05-08,1,1
Matthew Jones,EMP0733,1,2,2022-05-23,1,1
Christina Burke,EMP0734,1,2,2023-10-24,1,2
Melanie Blake,EMP0735,2,1,2024-09-26,2,1
Hannah Collier,EMP0736,1,1,2019-11-27,2,1
Anthony Dunlap,EMP0737,2,2,2023-02-28,1,1
Samantha Curtis,EMP0738,1,2,2021-02-11,2,1
John Perkins,EMP0739,1,2,2022-09-15,1,1
Joseph Joyce,EMP0740,1,2,2020-03-10,1,1
Jennifer Sparks,EMP0741,1,1,2023-06-19,1,1
Matthew Brown,EMP0742,2,1,2020-05-13,2,2
Robert Garrett,EMP0743,1,1,2021-03-02,2,1
Juan Thomas,EMP0744,2,1,2023-12-12,2,1
James Hobbs,EMP0745,1,2,2021-10-30,1,1
Jasmine Diaz,EMP0746,1,2,2021-05-03,2,2
Linda Clements,EMP0747,1,1,2019-11-05,1,2
William Bell,EMP0748,2,1,2022-06-11,1,2
Natasha Mullen,EMP0749,2,2,2020-07-20,2,2
John Hess,EMP0750,2,2,2020-10-12,2,1
Jeremy Butler,EMP0751,2,2,2021-07-17,2,2
Ronald Keller,EMP0752,1,1,2021-08-08,1,2
Joseph Brown,EMP0753,1,1,2024-02-26,2,2
Christopher Payne,EMP0754,2,1,2023-09-11,1,2
Christopher Mcbride,EMP0755,2,2,2022-05-22,1,2
Christine Harrison,EMP0756,2,1,2023-10-09,1,1
Joseph Bruce,EMP0757,2,1,2019-12-16,2,2
Sean Cross,EMP0758,1,1,2022-03-11,1,2
Christopher Thompson,EMP0759,2,2,2020-03-05,2,1
Destiny Hahn,EMP0760,1,2,2020-07-01,1,1
Erin Young,EMP0761,2,1,2024-07-14,2,1
Jill Smith,EMP0762,2,1,2021-03-05,1,1
Jamie Tapia,EMP0763,2,1,2023-10-22,2,1
Megan Ramirez,EMP0764,1,2,2020-01-10,1,2
Ryan Spence,EMP0765,2,2,2023-01-11,1,1
Jennifer James,EMP0766,1,2,2024-06-17,1,1
Samuel Santos,EMP0767,1,2,2023-03-06,2,2
Kenneth Kline,EMP0768,1,2,2021-02-24,1,2
Nathan Richards,EMP0769,2,1,2021-10-10,1,2
Jonathan Parsons,EMP0770,2,2,2024-06-19,2,2
Christopher Evans,EMP0771,1,1,2021-03-29,1,1
Rachel Strickland,EMP0772,1,1,2022-04-11,2,1
David Johnson,EMP0773,1,1,2023-06-30,1,1
Eric Wilson,EMP0774,1,1,2020-03-05,1,2
Heather Huber,EMP0775,1,2,2022-09-29,2,2
Christopher Mack,EMP0776,1,1,2023-04-30,2,2
Richard Williams,EMP0777,2,1,2022-02-22,2,1
Travis Wilson,EMP0778,1,1,2020-07-14,1,1
Michael Taylor,EMP0779,2,1,2021-09-10,1,1
Dennis Dodson,EMP0780,2,2,2021-09-26,1,2
Tiffany Sanchez,EMP0781,2,2,2021-10-14,2,2
Janice Kemp,EMP0782,2,2,2021-11-02,2,2
Susan Lucas,EMP0783,2,2,2020-01-27,2,2
Christopher Burnett,EMP0784,1,1,2022-03-12,2,2
Janet Parker,EMP0785,1,1,2024-02-08,1,1
Maurice Jenkins,EMP0786,2,2,2024-06-02,1,1
Adam Savage,EMP0787,2,1,2021-07-05,1,2
Justin Sawyer,EMP0788,2,2,2024-05-23,2,2
Joann Thomas,EMP0789,2,1,2021-03-01,1,2
Kevin Franklin,EMP0790,1,2,2022-07-13,2,2
Matthew Anderson,EMP0791,1,1,2022-11-07,2,1
Bernard Dodson,EMP0792,2,1,2023-05-20,1,1
Kayla Oconnor,EMP0793,2,1,2023-02-18,2,1
Courtney Adams,EMP0794,2,1,2023-03-08,2,2
Adrian Jones MD,EMP0795,2,2,2024-08-20,1,1
Lisa Hawkins,EMP0796,2,2,2022-05-25,1,1
Michael Evans,EMP0797,2,2,2022-03-25,1,2
Jose Mejia,EMP0798,2,1,2023-02-20,1,1
Joseph Harrison,EMP0799,2,1,2019-11-03,1,2
Eduardo Dickson,EMP0800,1,1,2021-02-06,1,2
Justin White,EMP0801,2,2,2020-06-29,2,1
Brent Sutton,EMP0802,2,1,2021-01-18,2,2
Sherry Hartman,EMP0803,1,1,2021-11-24,2,2
Stephanie Silva,EMP0804,1,2,2021-12-01,2,1
Lisa Scott,EMP0805,1,1,2021-06-06,2,1
Brian Gordon,EMP0806,2,1,2023-01-06,2,2
Isaiah Ramsey,EMP0807,1,2,2022-05-02,1,2
Connie Davidson,EMP0808,2,1,2019-11-25,1,2
Ryan Howard,EMP0809,2,1,2021-11-01,2,2
Dustin Bennett,EMP0810,1,2,2023-10-25,2,1
Mike Mcconnell,EMP0811,1,2,2023-12-03,2,2
Benjamin Wilson,EMP0812,2,1,2020-04-10,2,2
Sharon Torres,EMP0813,2,2,2021-06-01,1,1
Christopher Parker,EMP0814,1,1,2021-01-30,1,2
Steven West,EMP0815,1,1,2024-01-04,1,1
Kimberly Williams,EMP0816,1,2,2024-06-27,2,1
Brandon Gillespie,EMP0817,2,2,2024-06-22,2,1
George Mitchell,EMP0818,1,2,2020-09-08,2,1
Mark Estrada,EMP0819,1,2,2020-01-07,1,1
Stephanie Campbell,EMP0820,1,1,2020-10-10,1,2
Mark Short,EMP0821,2,2,2021-07-15,1,2
Nicole Hall,EMP0822,1,1,2021-01-08,2,2
Carol Davis,EMP0823,2,1,2023-12-22,2,1
Robert Pearson,EMP0824,2,2,2023-07-06,2,1
Ashley Bell,EMP0825,2,1,2020-11-08,1,1
Susan Chapman,EMP0826,1,1,2021-04-13,2,2
Tracy Barrett,EMP0827,1,1,2021-12-08,2,2
Gregory Brooks,EMP0828,1,2,2023-10-30,2,2
Beth Hart,EMP0829,1,2,2022-01-27,1,2
Matthew Campbell,EMP0830,2,2,2023-04-09,1,2
Derek Ross,EMP0831,1,2,2022-04-12,2,1
James Martinez,EMP0832,2,2,2022-05-09,1,2
Jeff Madden,EMP0833,2,2,2024-08-12,1,2
Scott Silva,EMP0834,2,1,2023-02-27,1,2
Heather Glover,EMP0835,2,2,2021-08-22,2,1
Ronald Mann,EMP0836,1,1,2022-08-21,2,1
Tracy Dodson,EMP0837,1,2,2024-06-22,2,1
Steven Melendez,EMP0838,1,1,2023-06-18,1,2
Daniel Watson,EMP0839,1,2,2020-11-27,2,2
Tanya Clay,EMP0840,2,2,2020-02-20,1,2
Mrs. Melanie Singh,EMP0841,2,2,2020-11-26,2,2
Linda Vaughan,EMP0842,1,2,2020-07-12,2,1
Barbara Montgomery,EMP0843,2,2,2020-01-04,2,1
Melissa Chapman,EMP0844,1,1,2023-07-31,1,1
Jennifer Juarez,EMP0845,1,2,2020-09-22,1,1
Patricia Freeman,EMP0846,2,1,2023-05-06,2,1
Donna Gonzalez,EMP0847,1,2,2019-10-31,2,2
Steven Davidson,EMP0848,1,1,2022-04-17,1,2
Lisa Guerra,EMP0849,2,2,2022-05-13,2,1
Megan Austin,EMP0850,2,1,2020-12-22,1,1
Michelle Hunt,EMP0851,1,2,2022-04-17,2,2
Lauren Proctor,EMP0852,2,2,2023-10-24,2,1
Amber Fisher,EMP0853,1,1,2022-11-07,2,1
Jeffrey Jackson,EMP0854,2,1,2020-08-06,1,2
Mark Cruz,EMP0855,1,1,2024-06-22,1,2
Joshua Hamilton,EMP0856,2,2,2023-05-05,2,1
Andrew Johnson,EMP0857,1,2,2021-10-05,2,1
Jill Schneider,EMP0858,2,1,2020-08-27,2,1
Tamara Bernard,EMP0859,2,2,2024-02-02,2,1
Ricardo Rodriguez,EMP0860,2,2,2022-03-30,2,2
Wendy Page,EMP0861,1,1,2020-04-09,2,2
Richard Velasquez,EMP0862,2,1,2022-08-30,2,1
Derek Kennedy,EMP0863,1,1,2020-04-13,2,2
Michael Bird,EMP0864,1,2,2023-07-10,2,2
Joseph Newman DDS,EMP0865,2,1,2020-12-27,2,1
Robert Gross,EMP0866,2,1,2021-10-01,1,2
Fernando Norris,EMP0867,2,2,2020-10-10,2,1
Jacqueline Trujillo,EMP0868,2,1,2019-12-18,1,2
Dustin Johnson,EMP0869,1,2,2022-11-12,1,1
Michael Hunt,EMP0870,1,1,2022-02-07,1,1
Michael Bennett,EMP0871,2,2,2022-11-18,1,2
Daniel Salazar,EMP0872,2,2,2022-12-26,2,1
Troy Taylor,EMP0873,1,1,2021-07-18,2,1
Gerald Solis,EMP0874,2,2,2022-11-04,1,1
Andrew Wood,EMP0875,2,1,2019-11-18,1,2
Kari Fisher,EMP0876,1,1,2020-12-04,2,2
Tammy James,EMP0877,1,1,2021-05-24,2,1
Gregory Barnes,EMP0878,2,2,2020-06-18,1,2
Thomas Lawson,EMP0879,2,1,2020-10-12,1,2
Vanessa Martinez,EMP0880,2,1,2023-06-02,1,1
Terry Stewart,EMP0881,1,2,2023-03-20,1,1
Kelli Hardy,EMP0882,1,2,2022-01-28,1,2
Laura Aguilar,EMP0883,2,1,2022-02-26,2,2
Kelli Gomez,EMP0884,2,1,2023-06-07,2,2
John Anderson,EMP0885,1,2,2020-08-18,1,2
Patricia Palmer,EMP0886,1,2,2021-07-18,1,1
Mrs. Danielle Lee,EMP0887,1,2,2019-11-14,2,2
Linda Richardson,EMP0888,1,1,2023-10-08,2,2
Julia Berry,EMP0889,1,1,2022-11-25,2,1
Brad Garcia,EMP0890,1,2,2022-12-06,1,1
Eddie Johnson,EMP0891,2,1,2022-08-01,1,2
Robert Deleon,EMP0892,2,2,2020-11-22,2,1
Veronica Gonzalez,EMP0893,1,2,2022-03-22,2,1
April Robles,EMP0894,1,2,2020-01-10,1,1
Michael Ortiz,EMP0895,2,2,2020-01-17,1,1
Sarah Henderson,EMP0896,1,2,2022-10-09,1,2
Jeremy Thomas,EMP0897,2,1,2021-05-21,1,2
Autumn Jones,EMP0898,2,1,2022-04-24,2,2
Kristin Cardenas,EMP0899,1,2,2021-05-15,1,2
Cheryl Schneider,EMP0900,1,2,2020-06-04,2,2
Joshua Erickson,EMP0901,1,2,2021-11-25,1,2
Theresa Hernandez,EMP0902,2,1,2022-05-24,2,2
Stacy Brooks,EMP0903,1,1,2023-12-08,2,2
Megan Edwards,EMP0904,2,1,2021-11-07,1,2
Tracy Schmidt,EMP0905,1,2,2023-02-18,1,1
Andrew Hess,EMP0906,1,1,2024-10-12,2,2
Courtney Freeman,EMP0907,2,2,2023-11-08,1,2
Andrew Smith,EMP0908,1,2,2022-06-05,1,1
Brenda Simpson,EMP0909,2,2,2021-08-20,2,2
Curtis Hamilton,EMP0910,2,2,2023-08-29,1,1
Daniel Garrett,EMP0911,2,1,2023-09-07,1,2
Chelsea Cruz,EMP0912,1,2,2021-08-11,2,2
Kevin Garza,EMP0913,2,2,2020-04-16,2,2
Carol Weaver,EMP0914,1,1,2024-02-11,1,1
Dr. James Martinez DDS,EMP0915,2,1,2021-07-30,2,2
Amanda Rodriguez,EMP0916,1,1,2023-09-29,2,1
Tracy Phillips,EMP0917,1,1,2022-05-09,1,2
Dawn Moore,EMP0918,1,2,2020-04-22,2,2
Timothy Taylor,EMP0919,2,2,2022-08-31,2,2
Lori Doyle,EMP0920,2,1,2021-03-13,2,1
Andrea Weber,EMP0921,1,2,2019-12-19,2,2
Wendy Cain DDS,EMP0922,2,2,2021-09-30,1,1
Kelly Fowler,EMP0923,1,2,2020-06-20,1,1
Patricia Petty,EMP0924,1,1,2023-06-15,1,1
Meghan Ball,EMP0925,2,2,2021-11-28,2,2
Meghan Williams,EMP0926,1,2,2021-05-09,2,2
Eddie Taylor,EMP0927,2,2,2020-06-27,1,1
Betty Warren,EMP0928,2,2,2023-04-24,2,1
Mark Evans,EMP0929,1,1,2021-05-28,1,1
William French,EMP0930,1,1,2020-03-01,2,1
Jerry Mills,EMP0931,2,1,2023-01-30,2,2
Ronald Mitchell,EMP0932,1,2,2023-04-22,2,1
Nicole Stanley,EMP0933,2,1,2022-02-18,1,1
Kristen Bryant,EMP0934,2,1,2023-07-02,1,1
Aaron Ruiz,EMP0935,2,1,2020-02-16,1,2
Kristen Garcia,EMP0936,1,2,2023-04-22,1,1
Emily Short,EMP0937,2,2,2023-05-26,1,2
Carla Brown,EMP0938,1,2,2021-10-15,1,2
Jeremy Buck,EMP0939,1,2,2023-05-11,1,1
Donna Roberts,EMP0940,1,2,2020-10-13,1,1
Zachary Mcgrath,EMP0941,2,2,2020-09-15,2,1
Mike Knight,EMP0942,1,2,2022-11-25,2,2
Christopher Wilson,EMP0943,2,2,2020-03-16,1,1
Roberto Adams,EMP0944,2,2,2021-05-29,1,2
Oscar Simmons,EMP0945,1,2,2021-11-23,2,1
Daniel Johnson,EMP0946,1,1,2022-07-26,2,1
Audrey Hughes,EMP0947,1,1,2020-05-02,2,2
Diana Huff MD,EMP0948,1,1,2020-01-05,1,1
Marissa Jenkins,EMP0949,1,2,2020-05-21,1,2
James Vargas,EMP0950,1,2,2022-01-30,2,1
Steven Rivera,EMP0951,1,1,2021-07-05,2,1
Kimberly Lamb,EMP0952,1,2,2022-12-25,1,1
James Miles,EMP0953,1,2,2020-02-22,1,1
Elizabeth Jones,EMP0954,2,2,2022-05-08,1,2
Caitlin Nelson,EMP0955,2,2,2022-10-09,2,2
Christopher Wright,EMP0956,2,2,2021-10-19,1,1
Charles Perez,EMP0957,2,2,2021-05-31,2,1
James Cooper,EMP0958,1,1,2021-12-27,1,1
Robert Burke,EMP0959,1,1,2023-04-09,2,2
Kyle Harmon,EMP0960,2,2,2019-12-31,2,2
Vernon Mccoy,EMP0961,2,1,2020-04-15,1,1
Mariah Richardson,EMP0962,1,2,2023-07-26,1,1
Michael Becker,EMP0963,1,1,2024-07-22,1,1
Troy Arnold,EMP0964,2,2,2021-03-20,2,2
Derrick Mays II,EMP0965,2,2,2020-11-16,1,1
Erin Gardner DDS,EMP0966,1,2,2022-10-25,2,2
Tanya Sellers,EMP0967,1,2,2023-12-07,1,1
William Davidson,EMP0968,2,2,2021-10-06,1,2
Tamara Edwards,EMP0969,1,1,2020-05-16,1,1
Kathryn Clark,EMP0970,2,2,2022-10-08,1,2
Julia Perez,EMP0971,1,1,2023-10-16,2,2
Bianca Fleming,EMP0972,1,2,2021-04-27,1,1
Margaret Ward,EMP0973,1,1,2021-12-19,2,2
Susan Zamora,EMP0974,2,2,2024-09-01,2,1
Christopher Moore,EMP0975,2,1,2023-03-25,1,2
Jonathan Quinn,EMP0976,2,1,2024-01-01,2,2
Katherine Miller,EMP0977,1,1,2021-09-27,2,2
Jeremy Lewis,EMP0978,2,2,2024-10-13,1,1
Noah Levy,EMP0979,2,1,2020-08-13,1,2
Kimberly Wood,EMP0980,2,2,2023-05-25,2,2
Joanna Simon,EMP0981,1,2,2019-12-01,2,1
Brianna Hickman,EMP0982,2,1,2022-03-14,2,2
Christine Combs,EMP0983,1,2,2021-02-04,2,2
Laura Vargas,EMP0984,1,1,2021-12-01,2,1
Erica Bruce,EMP0985,1,1,2024-06-08,1,1
John Mccann,EMP0986,1,1,2021-04-19,2,1
Jacob Patel,EMP0987,2,2,2022-11-12,2,2
Margaret Stephenson,EMP0988,2,2,2021-03-04,1,1
Tammy Young,EMP0989,1,2,2020-11-21,2,1
Dr. Christopher Matthews,EMP0990,2,2,2023-03-27,1,2
Samantha Middleton,EMP0991,2,2,2024-05-16,1,1
Nicole Bradley,EMP0992,1,1,2023-12-21,2,1
John Davis,EMP0993,2,1,2023-06-04,1,2
Megan Williams,EMP0994,2,1,2024-08-12,2,1
Dustin Jones,EMP0995,1,2,2022-05-18,2,1
William Hill,EMP0996,2,1,2022-11-07,2,2
Lindsey Chapman,EMP0997,1,1,2024-03-06,1,1
Stacy Miranda,EMP0998,2,2,2022-06-18,2,1
Daniel Padilla,EMP0999,2,2,2021-01-29,1,2
Katherine Rodriguez DVM,EMP1000,2,1,2021-09-09,1,2
